Residence,Kupwara - Urban,Kupwara - Rural,Kupwara - Total,Badgam - Urban,Badgam - Rural,Badgam - Total,Leh(Ladakh) - Urban,Leh(Ladakh) - Rural,Leh(Ladakh) - Total,Kargil - Urban,Kargil - Rural,Kargil - Total,Punch - Urban,Punch - Rural,Punch - Total,Rajouri - Urban,Rajouri - Rural,Rajouri - Total,Kathua - Urban,Kathua - Rural,Kathua - Total,Baramula - Urban,Baramula - Rural,Baramula - Total,Bandipore - Urban,Bandipore - Rural,Bandipore - Total,Srinagar - Urban,Srinagar - Rural,Srinagar - Total,Ganderbal - Urban,Ganderbal - Rural,Ganderbal - Total,Pulwama - Urban,Pulwama - Rural,Pulwama - Total,Shupiyan - Urban,Shupiyan - Rural,Shupiyan - Total,Anantnag - Urban,Anantnag - Rural,Anantnag - Total,Kulgam - Urban,Kulgam - Rural,Kulgam - Total,Doda - Urban,Doda - Rural,Doda - Total,Ramban - Urban,Ramban - Rural,Ramban - Total,Kishtwar - Urban,Kishtwar - Rural,Kishtwar - Total,Udhampur - Urban,Udhampur - Rural,Udhampur - Total,Reasi - Urban,Reasi - Rural,Reasi - Total,Jammu - Urban,Jammu - Rural,Jammu - Total,Samba - Urban,Samba - Rural,Samba - Total,Note of Kupwara - Urban,Note of Kupwara - Rural,Note of Kupwara - Total,Note of Badgam - Urban,Note of Badgam - Rural,Note of Badgam - Total,Note of Leh(Ladakh) - Urban,Note of Leh(Ladakh) - Rural,Note of Leh(Ladakh) - Total,Note of Kargil - Urban,Note of Kargil - Rural,Note of Kargil - Total,Note of Punch - Urban,Note of Punch - Rural,Note of Punch - Total,Note of Rajouri - Urban,Note of Rajouri - Rural,Note of Rajouri - Total,Note of Kathua - Urban,Note of Kathua - Rural,Note of Kathua - Total,Note of Baramula - Urban,Note of Baramula - Rural,Note of Baramula - Total,Note of Bandipore - Urban,Note of Bandipore - Rural,Note of Bandipore - Total,Note of Srinagar - Urban,Note of Srinagar - Rural,Note of Srinagar - Total,Note of Ganderbal - Urban,Note of Ganderbal - Rural,Note of Ganderbal - Total,Note of Pulwama - Urban,Note of Pulwama - Rural,Note of Pulwama - Total,Note of Shupiyan - Urban,Note of Shupiyan - Rural,Note of Shupiyan - Total,Note of Anantnag - Urban,Note of Anantnag - Rural,Note of Anantnag - Total,Note of Kulgam - Urban,Note of Kulgam - Rural,Note of Kulgam - Total,Note of Doda - Urban,Note of Doda - Rural,Note of Doda - Total,Note of Ramban - Urban,Note of Ramban - Rural,Note of Ramban - Total,Note of Kishtwar - Urban,Note of Kishtwar - Rural,Note of Kishtwar - Total,Note of Udhampur - Urban,Note of Udhampur - Rural,Note of Udhampur - Total,Note of Reasi - Urban,Note of Reasi - Rural,Note of Reasi - Total,Note of Jammu - Urban,Note of Jammu - Rural,Note of Jammu - Total,Note of Samba - Urban,Note of Samba - Rural,Note of Samba - Total
Households surveyed,185.05,672.15,857.2,144.48,639.16,783.64,63.82,110.93,174.75,32.31,115.16,147.47,49.62,698.2,747.82,77.35,972.85,1050.2,135.18,785.82,921,276.13,974.92,1251.05,137.93,395.01,532.94,2284.09,26.19,2310.28,102.18,295.17,397.35,37.58,605.09,642.67,25.63,338.23,363.86,527.72,931.56,1459.28,124.23,491.41,615.64,40.6,584.81,625.41,20.91,378.68,399.59,24.59,339.53,364.12,130.88,642.14,773.02,41.01,440.16,481.17,1307.92,1224.3,2532.21,26.89,436.45,463.34,NA,NA,NA,NA,NA,NA,NA,NA,NA,NA,NA,NA,NA,NA,NA,NA,NA,NA,NA,NA,NA,NA,NA,NA,NA,NA,NA,NA,NA,NA,NA,NA,NA,NA,NA,NA,NA,NA,NA,NA,NA,NA,NA,NA,NA,NA,NA,NA,NA,NA,NA,NA,NA,NA,NA,NA,NA,NA,NA,NA,NA,NA,NA,NA,NA,NA
Women age 15-49 years interviewed,245.04,914.9,1159.95,225.29,959.88,1185.17,64.21,116.78,180.99,39.28,153.75,193.02,80.07,1161.39,1241.46,100.76,1354.27,1455.03,164.62,1046.82,1211.44,371.15,1317.95,1689.09,199.7,601.2,800.89,2745.79,34.82,2780.61,145.19,423.03,568.22,48.45,816.25,864.7,34.88,491.05,525.94,693.06,1392.02,2085.07,185.35,707.57,892.92,47.19,697,744.19,21.96,448.38,470.34,29.71,386.4,416.1,162.69,887.36,1050.05,56.63,654.03,710.66,1425.3,1556.57,2981.87,27.43,564.85,592.28,NA,NA,NA,NA,NA,NA,NA,NA,NA,NA,NA,NA,NA,NA,NA,NA,NA,NA,NA,NA,NA,NA,NA,NA,NA,NA,NA,NA,NA,NA,NA,NA,NA,NA,NA,NA,NA,NA,NA,NA,NA,NA,NA,NA,NA,NA,NA,NA,NA,NA,NA,NA,NA,NA,NA,NA,NA,NA,NA,NA,NA,NA,NA,NA,NA,NA
Men age 15-49 years interviewed,84.31,199.97,284.28,67.6,194.45,262.06,13.75,18.47,32.22,15.63,29.02,44.65,27.37,221.19,248.56,21.84,294.61,316.45,50.12,227.29,277.41,154.82,318.94,473.76,58.6,136.32,194.91,615.02,15.48,630.49,51.72,97.64,149.36,12.5,186.31,198.81,17.59,117.57,135.17,147.8,334.68,482.48,68.65,189.69,258.34,13.9,141.07,154.97,8.51,97.41,105.92,11.54,84.39,95.93,54.87,180.26,235.13,13.77,154.28,168.05,353.92,372.97,726.89,10.28,110.66,120.95,NA,NA,NA,NA,NA,NA,NA,NA,NA,NA,NA,NA,NA,NA,NA,NA,NA,NA,NA,NA,NA,NA,NA,NA,NA,NA,NA,NA,NA,NA,NA,NA,NA,NA,NA,NA,NA,NA,NA,NA,NA,NA,NA,NA,NA,NA,NA,NA,NA,NA,NA,NA,NA,NA,NA,NA,NA,NA,NA,NA,NA,NA,NA,NA,NA,NA
1. Population (female) age 6+ years who ever attended school (%),71.13,63.49,65.06,57.78,54.32,54.95,70.97,55.31,60.38,77.45,61.25,64.31,80.18,66.3,67.26,81.76,66.9,67.87,84.72,69.65,71.6,72.22,62.01,64.24,65.04,61.68,62.5,65.27,51.13,65.09,66.89,55.62,58.42,69.12,62.37,62.72,74.69,62.63,63.31,66.18,60.58,62.46,62.4,59.92,60.43,77.83,54.67,55.97,68.89,50.57,51.34,67.39,51.62,52.6,79.72,62.12,64.8,67.09,65.73,65.85,87.65,72.09,79.67,79.38,74.62,74.84,NA,NA,NA,NA,NA,NA,NA,NA,NA,NA,NA,NA,NA,NA,NA,NA,NA,NA,NA,NA,NA,NA,NA,NA,NA,NA,NA,NA,NA,NA,NA,NA,NA,NA,NA,NA,NA,NA,NA,NA,NA,NA,NA,NA,NA,NA,NA,NA,NA,NA,NA,NA,NA,NA,NA,NA,NA,NA,NA,NA,NA,NA,NA,NA,NA,NA
2. Population below age 15 years (%),28.07,34.94,33.54,22.03,25.9,25.19,24.27,22.85,23.33,29.56,32.76,32.11,36.16,32.1,32.37,25.72,32.77,32.3,18.18,25.03,24.18,24.4,26.45,26,26.84,29.89,29.15,21.98,29.04,22.07,25.15,27.71,27.08,21,24.16,24,23.77,28.08,27.82,24.92,26.61,26.05,25.93,28.25,27.77,28.27,34.96,34.58,28.75,38.59,38.18,23.14,31.3,30.8,24.09,29.36,28.59,31.82,31.33,31.37,22.62,26.17,24.45,23.45,26.97,26.79,NA,NA,NA,NA,NA,NA,NA,NA,NA,NA,NA,NA,NA,NA,NA,NA,NA,NA,NA,NA,NA,NA,NA,NA,NA,NA,NA,NA,NA,NA,NA,NA,NA,NA,NA,NA,NA,NA,NA,NA,NA,NA,NA,NA,NA,NA,NA,NA,NA,NA,NA,NA,NA,NA,NA,NA,NA,NA,NA,NA,NA,NA,NA,NA,NA,NA
3. Sex ratio of the total population (females per 1000 males),893.37,993.86,972.46,985.04,989.3,988.52,998.97,1054.26,1035.17,848.77,1003.67,969.96,1081.59,971.27,978.2,894.11,1007.73,999.73,964.48,896.94,905.02,902.18,931.92,925.33,1051.71,1049.04,1049.69,951.18,974.65,951.47,936.08,980.36,969.28,968.67,947.37,948.47,969.96,974.83,974.54,1015.76,991.19,999.25,979.51,982.42,981.82,984.78,1036.03,1033.08,914.53,980.91,978.07,865.54,962.51,956.22,999.49,975.15,978.71,1029.08,945.08,951.68,952.07,979.71,966.19,860.24,1028.79,1019.35,NA,NA,NA,NA,NA,NA,NA,NA,NA,NA,NA,NA,NA,NA,NA,NA,NA,NA,NA,NA,NA,NA,NA,NA,NA,NA,NA,NA,NA,NA,NA,NA,NA,NA,NA,NA,NA,NA,NA,NA,NA,NA,NA,NA,NA,NA,NA,NA,NA,NA,NA,NA,NA,NA,NA,NA,NA,NA,NA,NA,NA,NA,NA,NA,NA,NA
4. Sex ratio at birth for children born in the last five years (females per 1000 males),NA,915.16,929.57,NA,1032.62,1039.02,834.12,825.9,828.92,NA,760.01,817.97,NA,840.21,845.24,NA,1105.93,1074.2,NA,771.33,804.43,524.51,998.03,871.65,1088.68,819.44,875.22,1059.48,NA,1051.56,933.54,1140.6,1096.91,NA,859.17,870.04,NA,1157.49,1152.08,929.74,831.56,860.42,979.05,1043.88,1031.57,NA,1021.34,1020.19,NA,1060.83,1059.82,NA,896.58,888.8,NA,863.69,913.82,NA,866.76,907.24,630.69,873.65,760.18,714.54,929.09,917.06,*,NA,NA,*,NA,NA,NA,NA,NA,*,NA,NA,*,NA,NA,*,NA,NA,*,NA,NA,NA,NA,NA,NA,NA,NA,NA,*,NA,NA,NA,NA,*,NA,NA,*,NA,NA,NA,NA,NA,NA,NA,NA,*,NA,NA,*,NA,NA,*,NA,NA,*,NA,NA,*,NA,NA,NA,NA,NA,NA,NA,NA
5. Children under age 5 years whose birth was registered (%),86.39,57.09,60.13,100,80.92,84.62,78.63,83.58,81.67,80.22,72.12,73.57,81.48,67.92,68.8,NA,44.26,45.19,100,94.56,95.1,93.31,75.43,79.5,87.15,68.36,72.98,94.18,NA,93.4,78.7,72.56,73.75,NA,67.71,68.38,NA,64.59,64.87,81.86,58.13,65.96,59.31,63.34,62.54,NA,79.15,79.89,NA,88.34,88.55,NA,93.04,92.96,100,98.36,98.52,92.11,64.75,66.98,95.11,97.53,96.46,84.46,88.09,87.89,NA,NA,NA,NA,NA,NA,NA,NA,NA,NA,NA,NA,NA,NA,NA,*,NA,NA,NA,NA,NA,NA,NA,NA,NA,NA,NA,NA,*,NA,NA,NA,NA,*,NA,NA,*,NA,NA,NA,NA,NA,NA,NA,NA,*,NA,NA,*,NA,NA,*,NA,NA,NA,NA,NA,NA,NA,NA,NA,NA,NA,NA,NA,NA
6. Households with electricity (%),98.13,91.95,93.28,100,98.81,99.03,100,99.28,99.54,100,96.52,97.28,100,96.59,96.81,100,93.88,94.33,100,99.55,99.62,100,99.74,99.8,99.44,93.63,95.14,100,98,99.98,100,99.56,99.67,100,98.56,98.65,100,96.4,96.65,98,95.92,96.67,100,96.28,97.03,100,94,94.39,100,88.47,89.07,100,86.95,87.83,100,97.05,97.55,100,89.7,90.58,100,99.78,99.89,100,99.27,99.31,NA,NA,NA,NA,NA,NA,NA,NA,NA,NA,NA,NA,NA,NA,NA,NA,NA,NA,NA,NA,NA,NA,NA,NA,NA,NA,NA,NA,NA,NA,NA,NA,NA,NA,NA,NA,NA,NA,NA,NA,NA,NA,NA,NA,NA,NA,NA,NA,NA,NA,NA,NA,NA,NA,NA,NA,NA,NA,NA,NA,NA,NA,NA,NA,NA,NA
7. Households with an improved drinking-water source1 (%),98.83,86.59,89.24,97.97,96.5,96.77,76.79,67.48,70.88,96.94,83.76,86.65,94.2,72.98,74.39,95.79,64.03,66.37,100,81.98,84.62,100,90.55,92.63,97.81,89.12,91.37,97.43,81.44,97.25,98.36,95.01,95.87,100,95.57,95.83,100,94.13,94.54,99.5,93.14,95.44,98.48,98,98.1,91.62,85.93,86.3,89.47,81.14,81.57,100,86.12,87.06,90.88,59.12,64.5,93.93,68.92,71.05,99.47,94.46,97.05,100,95.13,95.42,NA,NA,NA,NA,NA,NA,NA,NA,NA,NA,NA,NA,NA,NA,NA,NA,NA,NA,NA,NA,NA,NA,NA,NA,NA,NA,NA,NA,NA,NA,NA,NA,NA,NA,NA,NA,NA,NA,NA,NA,NA,NA,NA,NA,NA,NA,NA,NA,NA,NA,NA,NA,NA,NA,NA,NA,NA,NA,NA,NA,NA,NA,NA,NA,NA,NA
8. Households using improved sanitation facility2 (%),57.04,33.32,38.44,72.64,44.93,50.03,26.23,11.2,16.69,43.86,8.82,16.49,71.86,53.44,54.66,80.21,36.35,39.58,70,38.97,43.53,69.18,60.54,62.44,28.87,40.16,37.23,66.56,67.42,66.57,62.8,53.35,55.78,54.43,66.84,66.12,54.04,57.46,57.22,50.56,57.28,54.85,58.56,48.92,50.86,50.78,45.16,45.53,78.95,39.03,41.12,50.82,38.13,38.99,74.05,26.5,34.55,85.89,40.55,44.41,77.74,50,64.33,63.94,43.7,44.87,NA,NA,NA,NA,NA,NA,NA,NA,NA,NA,NA,NA,NA,NA,NA,NA,NA,NA,NA,NA,NA,NA,NA,NA,NA,NA,NA,NA,NA,NA,NA,NA,NA,NA,NA,NA,NA,NA,NA,NA,NA,NA,NA,NA,NA,NA,NA,NA,NA,NA,NA,NA,NA,NA,NA,NA,NA,NA,NA,NA,NA,NA,NA,NA,NA,NA
9. Households using clean fuel for cooking3 (%),80.95,39.66,48.58,92.94,54.72,61.76,98.51,81.52,87.73,86.59,31.78,43.79,60.36,19.79,22.48,92.23,27.83,32.57,84.76,32.72,40.36,91.66,64.58,70.56,74,47.43,54.3,97.29,69.2,96.97,86.95,59.5,66.56,95.56,77.56,78.61,100,39.5,43.76,83.61,62.21,69.95,77.81,44,50.82,76.82,11.51,15.75,94.47,15.62,19.75,80.4,19.83,23.92,83.33,15.25,26.78,35.21,14.76,16.5,92.64,52.88,73.41,88.54,47.14,49.55,NA,NA,NA,NA,NA,NA,NA,NA,NA,NA,NA,NA,NA,NA,NA,NA,NA,NA,NA,NA,NA,NA,NA,NA,NA,NA,NA,NA,NA,NA,NA,NA,NA,NA,NA,NA,NA,NA,NA,NA,NA,NA,NA,NA,NA,NA,NA,NA,NA,NA,NA,NA,NA,NA,NA,NA,NA,NA,NA,NA,NA,NA,NA,NA,NA,NA
10. Households using iodized salt (%),100,97.49,98.03,100,98.95,99.14,100,98.77,99.22,99,97.99,98.21,95.58,86.09,86.72,98.96,82.66,83.87,100,94.42,95.23,97.97,98.6,98.46,100,99.54,99.66,99.45,100,99.45,100,99.46,99.6,100,99.37,99.41,100,96.88,97.1,100,95.84,97.35,98.06,96.5,96.82,100,83.59,84.66,100,88.21,88.83,100,88.6,89.37,99.37,84.6,87.11,91.73,83.03,83.78,99.76,99.78,99.77,100,99.12,99.18,NA,NA,NA,NA,NA,NA,NA,NA,NA,NA,NA,NA,NA,NA,NA,NA,NA,NA,NA,NA,NA,NA,NA,NA,NA,NA,NA,NA,NA,NA,NA,NA,NA,NA,NA,NA,NA,NA,NA,NA,NA,NA,NA,NA,NA,NA,NA,NA,NA,NA,NA,NA,NA,NA,NA,NA,NA,NA,NA,NA,NA,NA,NA,NA,NA,NA
11. Households with any usual member covered by a health scheme or health insurance (%),3.17,2.1,2.33,7.21,2.12,3.06,3.47,2.12,2.61,1.34,2.06,1.9,0,6.98,6.52,2.53,4.33,4.2,14.19,3.57,5.13,0.59,0.59,0.59,3.4,3.36,3.37,2.44,0.01,2.42,3.91,2.81,3.09,0.77,1.28,1.25,1.66,0.72,0.79,4.19,1.73,2.62,2.63,1.77,1.94,12.93,2.21,2.91,0.01,1.45,1.37,0.01,1.66,1.55,10.24,4.15,5.18,0,4.13,3.78,14.42,9.27,11.93,6.96,4.57,4.71,NA,NA,NA,NA,NA,NA,NA,NA,NA,NA,NA,NA,NA,NA,NA,NA,NA,NA,NA,NA,NA,NA,NA,NA,NA,NA,NA,NA,NA,NA,NA,NA,NA,NA,NA,NA,NA,NA,NA,NA,NA,NA,NA,NA,NA,NA,NA,NA,NA,NA,NA,NA,NA,NA,NA,NA,NA,NA,NA,NA,NA,NA,NA,NA,NA,NA
12. Women who are literate (%),79.42,62.84,66.34,64.72,55.91,57.58,78.58,67.41,71.38,80.68,63.23,66.78,84.57,64.68,65.96,82.22,67.86,68.85,89.29,77.84,79.4,77.37,64,66.93,65.47,59.94,61.32,74.63,45.27,74.26,70.76,57.69,61.03,76.07,67.63,68.1,79.09,64.43,65.4,69.66,63.14,65.31,66.72,60.5,61.79,87.5,52.64,54.86,75.29,43.24,44.74,68.66,50.49,51.78,87.18,67.71,70.73,68.23,63.56,63.94,89.18,81.67,85.26,87.85,80.82,81.15,NA,NA,NA,NA,NA,NA,NA,NA,NA,NA,NA,NA,NA,NA,NA,NA,NA,NA,NA,NA,NA,NA,NA,NA,NA,NA,NA,NA,NA,NA,NA,NA,NA,NA,NA,NA,NA,NA,NA,NA,NA,NA,NA,NA,NA,NA,NA,NA,NA,NA,NA,NA,NA,NA,NA,NA,NA,NA,NA,NA,NA,NA,NA,NA,NA,NA
13. Men who are literate (%),92.59,86.76,88.49,82.41,77.52,78.78,82.24,88.58,85.88,98.63,87.13,91.16,91.85,90.33,90.5,NA,87.56,87.63,98.15,89.9,91.39,90.91,81.37,84.49,91.99,80.63,84.05,85.01,56.58,84.31,86.11,81.65,83.2,85.86,88.42,88.26,90.96,86.72,87.27,81.01,89.51,86.9,84.29,83.44,83.67,NA,82.8,83.63,NA,80.53,82.09,NA,85.11,86.24,95.49,86.57,88.65,NA,84.29,84.44,91.86,94.15,93.04,92.19,94.64,94.43,NA,NA,NA,NA,NA,NA,NA,NA,NA,NA,NA,NA,NA,NA,NA,*,NA,NA,NA,NA,NA,NA,NA,NA,NA,NA,NA,NA,NA,NA,NA,NA,NA,NA,NA,NA,NA,NA,NA,NA,NA,NA,NA,NA,NA,*,NA,NA,*,NA,NA,*,NA,NA,NA,NA,NA,*,NA,NA,NA,NA,NA,NA,NA,NA
14. Women with 10 or more years of schooling (%),37.12,24.3,27.01,42.13,25.16,28.39,57.61,40.52,46.58,64.43,37.28,42.8,52.61,33.32,34.57,60.97,32.23,34.22,67.13,41.39,44.88,53.98,29.32,34.74,32.24,26.8,28.15,45.86,9.65,45.41,44.1,22.92,28.33,48.4,37.24,37.86,53.64,33.5,34.83,36.94,27.94,30.93,32.74,26.79,28.02,68.81,29.98,32.44,55.53,22.03,23.6,61.64,31.72,33.85,61.7,28.86,33.95,34.87,32.11,32.33,64.39,42.37,52.9,54.67,45.91,46.32,NA,NA,NA,NA,NA,NA,NA,NA,NA,NA,NA,NA,NA,NA,NA,NA,NA,NA,NA,NA,NA,NA,NA,NA,NA,NA,NA,NA,NA,NA,NA,NA,NA,NA,NA,NA,NA,NA,NA,NA,NA,NA,NA,NA,NA,NA,NA,NA,NA,NA,NA,NA,NA,NA,NA,NA,NA,NA,NA,NA,NA,NA,NA,NA,NA,NA
15. Women age 20-24 years married before age 18 years (%),3.17,10.09,8.59,0.01,3.35,2.82,6.09,4.69,5.24,NA,5.73,4.57,NA,17.97,17.48,NA,26.17,25.64,8.92,6.65,6.98,2.63,3.88,3.61,2.31,6.6,5.43,3.32,NA,3.65,4.62,8.64,7.62,NA,0.54,0.69,NA,3.04,2.92,2.08,5.72,4.49,2.88,3.67,3.52,NA,20.55,20.18,NA,10.98,11.13,NA,19.98,18.08,NA,13.13,12.17,NA,16.12,16.87,6.2,7.42,6.86,NA,7.23,7.88,NA,NA,NA,NA,NA,NA,NA,NA,NA,*,NA,NA,*,NA,NA,*,NA,NA,NA,NA,NA,NA,NA,NA,NA,NA,NA,NA,*,NA,NA,NA,NA,*,NA,NA,*,NA,NA,NA,NA,NA,NA,NA,NA,*,NA,NA,*,NA,NA,*,NA,NA,*,NA,NA,*,NA,NA,NA,NA,NA,*,NA,NA
16. Men age 25-29 years married before age 21 years (%),NA,5.99,4.59,NA,5.93,4.33,NA,NA,NA,NA,25.49,15.79,NA,18.84,17.31,NA,18.71,18.45,NA,7.31,5.96,NA,10.13,6.76,NA,5.41,7.92,14.44,NA,14.67,NA,9.36,10.01,NA,2.85,2.63,NA,8.04,7.2,NA,15.46,12.67,NA,5.88,6.52,NA,20.49,18.91,NA,NA,NA,NA,22.84,19.1,NA,11.28,10.76,NA,13.7,12.64,NA,NA,6.12,NA,NA,11.67,*,NA,NA,*,NA,NA,*,*,*,*,NA,NA,*,NA,NA,*,NA,NA,*,NA,NA,*,NA,NA,*,NA,NA,NA,*,NA,*,NA,NA,*,NA,NA,*,NA,NA,*,NA,NA,*,NA,NA,*,NA,NA,*,*,*,*,NA,NA,*,NA,NA,*,NA,NA,*,*,NA,*,*,NA
17. Women age 15-19 years who were already mothers or pregnant at the time of the survey (%),0.01,2.35,1.82,0.01,0.98,0.81,0.01,2.72,1.67,NA,0.75,0.57,NA,4.83,4.57,NA,7.07,6.79,NA,1.41,1.23,NA,1.65,1.4,4.81,3.17,3.53,0,NA,0,2.22,2.7,2.58,NA,1.74,1.65,NA,1.03,0.97,0.01,1.42,1.06,0.01,1.99,1.56,NA,6.74,7.29,NA,4.02,3.89,NA,7.97,7.63,3.72,3.46,3.49,NA,3.81,3.6,1.57,7.14,4.61,NA,5.62,5.77,NA,NA,NA,NA,NA,NA,NA,NA,NA,*,NA,NA,*,NA,NA,*,NA,NA,*,NA,NA,*,NA,NA,NA,NA,NA,NA,*,NA,NA,NA,NA,*,NA,NA,*,NA,NA,NA,NA,NA,NA,NA,NA,*,NA,NA,*,NA,NA,*,NA,NA,NA,NA,NA,*,NA,NA,NA,NA,NA,*,NA,NA
18. Any method (%),55.64,49.86,51.04,71.33,68.49,69.05,67.24,71.98,70.25,56.24,64.45,62.86,63.43,47.56,48.6,55.02,25.91,28.01,75.1,73.97,74.11,53.41,60.07,58.55,55.37,53.59,54.04,68.3,78.47,68.44,62.75,59.31,60.14,71.86,68.81,68.97,65.63,66.33,66.28,54.81,53.55,53.95,65.53,59.1,60.41,45.85,29.41,30.44,NA,41.29,41.5,37.05,56.59,55.39,76.12,69.26,70.22,58.84,52.86,53.33,68.36,59.84,63.79,26.79,31.44,31.23,NA,NA,NA,NA,NA,NA,NA,NA,NA,NA,NA,NA,NA,NA,NA,NA,NA,NA,NA,NA,NA,NA,NA,NA,NA,NA,NA,NA,NA,NA,NA,NA,NA,NA,NA,NA,NA,NA,NA,NA,NA,NA,NA,NA,NA,NA,NA,NA,*,NA,NA,NA,NA,NA,NA,NA,NA,NA,NA,NA,NA,NA,NA,NA,NA,NA
19. Any modern method (%),36.46,34.07,34.56,68.28,61.83,63.11,66.05,71.98,69.82,56.24,60.06,59.32,60.36,43,44.14,43.54,23.43,24.88,57.26,63.03,62.32,44.16,46.08,45.64,41.02,36.48,37.61,64.48,76.21,64.64,43.86,47.29,46.46,37.44,37.24,37.25,20.31,33.82,32.9,43.96,35.09,37.9,39.81,36.04,36.81,18.66,22.34,22.11,NA,27.55,28.14,20.77,39.46,38.31,62.01,57.7,58.3,55.35,46.42,47.12,57.75,51.14,54.21,22.01,27.68,27.42,NA,NA,NA,NA,NA,NA,NA,NA,NA,NA,NA,NA,NA,NA,NA,NA,NA,NA,NA,NA,NA,NA,NA,NA,NA,NA,NA,NA,NA,NA,NA,NA,NA,NA,NA,NA,NA,NA,NA,NA,NA,NA,NA,NA,NA,NA,NA,NA,*,NA,NA,NA,NA,NA,NA,NA,NA,NA,NA,NA,NA,NA,NA,NA,NA,NA
20. Female sterilization (%),27.16,15.99,18.26,40.47,32.41,34,27.59,21.25,23.56,14.24,21.3,19.94,33.91,22.29,23.05,26.19,12.16,13.17,27.81,36.31,35.25,20.65,25.68,24.53,24.12,20.66,21.52,37.68,56.38,37.93,18.92,25.27,23.73,28.38,20.44,20.87,11.98,16.27,15.98,20.61,12.65,15.18,16.51,10.13,11.43,12.24,12.45,12.44,NA,12.38,12.73,7.43,22.68,21.74,38.86,34.63,35.22,23.11,27.83,27.46,28.64,27.31,27.93,4.54,14.12,13.69,NA,NA,NA,NA,NA,NA,NA,NA,NA,NA,NA,NA,NA,NA,NA,NA,NA,NA,NA,NA,NA,NA,NA,NA,NA,NA,NA,NA,NA,NA,NA,NA,NA,NA,NA,NA,NA,NA,NA,NA,NA,NA,NA,NA,NA,NA,NA,NA,*,NA,NA,NA,NA,NA,NA,NA,NA,NA,NA,NA,NA,NA,NA,NA,NA,NA
21. Male sterilization (%),0,0,0,2.2,0.73,1.02,0,0,0,0,0.18,0.14,0,0.11,0.1,0,0,0,0,0.64,0.56,0,0,0,1.78,0.51,0.82,0.93,0.01,0.91,0,1.54,1.17,0,0.56,0.53,0.01,0,0,0.55,0.39,0.44,0,0,0,0.01,0,0,NA,0,0,0.01,0.15,0.14,0,1.21,1.04,0,0.4,0.37,0,0.28,0.15,0,0.16,0.16,NA,NA,NA,NA,NA,NA,NA,NA,NA,NA,NA,NA,NA,NA,NA,NA,NA,NA,NA,NA,NA,NA,NA,NA,NA,NA,NA,NA,NA,NA,NA,NA,NA,NA,NA,NA,NA,NA,NA,NA,NA,NA,NA,NA,NA,NA,NA,NA,*,NA,NA,NA,NA,NA,NA,NA,NA,NA,NA,NA,NA,NA,NA,NA,NA,NA
22. IUD/PPIUD (%),4.77,1.38,2.07,3.78,4.52,4.38,24.44,40.52,34.66,28.64,24.65,25.42,1.24,4.32,4.12,2.7,0.86,0.99,0,2.04,1.79,2.81,4.27,3.94,1.45,1.62,1.58,5.26,6.24,5.27,0.75,2.01,1.7,0,1.18,1.12,0.01,1.35,1.26,5.33,1.04,2.4,2.65,1.1,1.41,0.01,1.14,1.06,NA,2.17,2.08,0.01,1.21,1.13,1.63,1.16,1.22,0,1.98,1.83,2.01,1.39,1.68,0,0.5,0.48,NA,NA,NA,NA,NA,NA,NA,NA,NA,NA,NA,NA,NA,NA,NA,NA,NA,NA,NA,NA,NA,NA,NA,NA,NA,NA,NA,NA,NA,NA,NA,NA,NA,NA,NA,NA,NA,NA,NA,NA,NA,NA,NA,NA,NA,NA,NA,NA,*,NA,NA,NA,NA,NA,NA,NA,NA,NA,NA,NA,NA,NA,NA,NA,NA,NA
23. Pill (%),3.01,6.47,5.77,0.92,8.41,6.93,1.61,2.48,2.16,1.92,5.22,4.58,9.62,7.71,7.84,0,2.45,2.27,2.31,4.72,4.42,2.17,8,6.67,3.7,3.76,3.75,6.58,9.06,6.61,7.33,5.48,5.93,1.07,7.19,6.86,6.25,9.65,9.42,10.76,12.65,12.05,12.22,13.83,13.5,4.23,4.09,4.1,NA,7.01,7.21,13.33,8.99,9.26,2.38,3.13,3.03,19.25,6.9,7.86,3.21,5.77,4.58,3.96,1.73,1.83,NA,NA,NA,NA,NA,NA,NA,NA,NA,NA,NA,NA,NA,NA,NA,NA,NA,NA,NA,NA,NA,NA,NA,NA,NA,NA,NA,NA,NA,NA,NA,NA,NA,NA,NA,NA,NA,NA,NA,NA,NA,NA,NA,NA,NA,NA,NA,NA,*,NA,NA,NA,NA,NA,NA,NA,NA,NA,NA,NA,NA,NA,NA,NA,NA,NA
24. Condom (%),1.52,7.33,6.15,19.9,15.04,16,10.3,6.57,7.92,9.48,6.27,6.89,14.21,6.76,7.25,14.65,6.96,7.52,26.1,18.69,19.61,16.04,7.49,9.44,9.98,8.03,8.52,12.72,0.01,12.55,16.24,11.45,12.61,7.99,7.52,7.55,2.08,6.23,5.95,6.7,7.95,7.55,8.42,9.89,9.59,0.01,3.39,3.18,NA,4.41,4.61,0.01,4.81,4.51,19.15,16.74,17.08,8.09,6.94,7.03,23,16.11,19.31,13.51,10.98,11.09,NA,NA,NA,NA,NA,NA,NA,NA,NA,NA,NA,NA,NA,NA,NA,NA,NA,NA,NA,NA,NA,NA,NA,NA,NA,NA,NA,NA,NA,NA,NA,NA,NA,NA,NA,NA,NA,NA,NA,NA,NA,NA,NA,NA,NA,NA,NA,NA,*,NA,NA,NA,NA,NA,NA,NA,NA,NA,NA,NA,NA,NA,NA,NA,NA,NA
25. Total unmet need (%),6.47,14.83,13.12,10.73,7.01,7.75,11.78,9.54,10.36,11.89,8.16,8.88,8.75,13.91,13.57,15.25,21.58,21.12,6.05,10.63,10.06,8.9,11.61,10.99,11.02,14.76,13.83,6.91,6.24,6.9,7.55,14.39,12.74,1.1,6.58,6.29,2.08,8.4,7.97,11.52,12.57,12.24,5.62,10.22,9.29,16.55,24.15,23.67,NA,20.19,19.72,20.77,14.79,15.16,4,8.51,7.88,8.4,15.94,15.34,11.27,13.34,12.38,18.05,20.81,20.69,NA,NA,NA,NA,NA,NA,NA,NA,NA,NA,NA,NA,NA,NA,NA,NA,NA,NA,NA,NA,NA,NA,NA,NA,NA,NA,NA,NA,NA,NA,NA,NA,NA,NA,NA,NA,NA,NA,NA,NA,NA,NA,NA,NA,NA,NA,NA,NA,*,NA,NA,NA,NA,NA,NA,NA,NA,NA,NA,NA,NA,NA,NA,NA,NA,NA
26. Unmet need for spacing (%),3.47,7.58,6.74,8.8,3.92,4.88,6.58,6.25,6.37,5.69,5.28,5.36,5.82,7.26,7.17,4.94,10.13,9.75,1.2,3.85,3.52,4.94,6.08,5.82,4.44,5.19,5,4.73,6.24,4.75,4.15,8.17,7.2,0,3.11,2.94,0.01,3.19,2.97,3.45,5.26,4.69,0.79,3.4,2.87,10.43,9.55,9.61,NA,9.34,9.33,17.05,10.17,10.6,0.82,3.5,3.13,6.58,10.72,10.4,3.43,5.62,4.6,2.24,7.62,7.38,NA,NA,NA,NA,NA,NA,NA,NA,NA,NA,NA,NA,NA,NA,NA,NA,NA,NA,NA,NA,NA,NA,NA,NA,NA,NA,NA,NA,NA,NA,NA,NA,NA,NA,NA,NA,NA,NA,NA,NA,NA,NA,NA,NA,NA,NA,NA,NA,*,NA,NA,NA,NA,NA,NA,NA,NA,NA,NA,NA,NA,NA,NA,NA,NA,NA
27. Health worker ever talked to female non-users about family planning5 (%),2.67,8.17,6.96,15.19,5.96,7.66,13.26,9.29,10.73,4.59,7.93,7.2,13.73,9.89,10.09,2.43,7.54,7.29,9.44,21.6,19.76,6.84,4.45,4.97,12.98,11.69,12,9.07,27.31,9.27,4.56,7.74,6.87,1.28,1.53,1.51,6.76,2.47,2.74,2.5,3.83,3.4,1.79,2.8,2.59,11.32,8.26,8.39,32.07,9.32,10.45,3.56,7.27,6.97,22.56,28.99,27.88,11.46,10.57,10.65,21.33,20.75,21.03,12.34,7.79,8.01,NA,NA,NA,NA,NA,NA,NA,NA,NA,NA,NA,NA,NA,NA,NA,NA,NA,NA,NA,NA,NA,NA,NA,NA,NA,NA,NA,NA,NA,NA,NA,NA,NA,NA,NA,NA,NA,NA,NA,NA,NA,NA,NA,NA,NA,NA,NA,NA,NA,NA,NA,NA,NA,NA,NA,NA,NA,NA,NA,NA,NA,NA,NA,NA,NA,NA
28. Current users ever told about side effects of current method (%),NA,32.01,33.45,NA,27.23,30.75,35.57,28.53,30.96,NA,26.79,25.28,NA,45.17,45.84,NA,45.71,43.99,NA,67.52,67.53,NA,34.93,35.77,NA,38.86,37.15,38.05,NA,38,NA,24.28,24.51,NA,17.01,17.05,NA,19.23,18.4,NA,24.88,23.39,NA,18.48,19.11,NA,32.29,34.15,NA,50.08,49.54,NA,38.39,39.29,NA,58.49,52.96,NA,36.07,37.99,NA,49.91,55.41,NA,31.71,32.44,*,NA,NA,*,NA,NA,NA,NA,NA,*,NA,NA,*,NA,NA,*,NA,NA,*,NA,NA,*,NA,NA,*,NA,NA,NA,*,NA,*,NA,NA,*,NA,NA,*,NA,NA,*,NA,NA,*,NA,NA,*,NA,NA,*,NA,NA,*,NA,NA,*,NA,NA,*,NA,NA,*,NA,NA,*,NA,NA
29. Mothers who had antenatal check-up in the first trimester (%),NA,80.44,81.27,95.05,84.26,86.34,81.48,73.99,76.87,80.65,82.34,82.04,70.07,70.54,70.51,NA,55.94,55.84,95.65,81.31,82.7,90.45,85.67,86.81,88.92,81.25,83.07,85,NA,84.98,72.31,83.42,81.21,NA,92.25,92.28,NA,89.4,88.89,81.99,74.51,76.67,74.68,90.24,87.24,NA,39.62,42.14,NA,62.1,62.29,NA,64.58,64.06,97.13,76.24,78.33,42.96,55.23,54.18,90.04,80.21,84.37,44.88,73.3,71.93,*,NA,NA,NA,NA,NA,NA,NA,NA,NA,NA,NA,NA,NA,NA,*,NA,NA,NA,NA,NA,NA,NA,NA,NA,NA,NA,NA,*,NA,NA,NA,NA,*,NA,NA,*,NA,NA,NA,NA,NA,NA,NA,NA,*,NA,NA,*,NA,NA,*,NA,NA,NA,NA,NA,NA,NA,NA,NA,NA,NA,NA,NA,NA
30. Mothers who had at least 4 antenatal care visits (%),NA,87.07,87.75,97.59,95.24,95.69,96.28,88.77,91.67,72,86.1,83.59,68.72,74.15,73.82,NA,55.49,56.21,100,92.53,93.26,94.26,95.53,95.22,90.62,90.17,90.27,90.93,NA,91.04,94.26,94.51,94.46,NA,98.18,98.26,NA,96.07,96.39,85.79,81.21,82.53,100,93.97,95.13,NA,34,36.82,NA,51.46,50.97,NA,52.38,54.36,97.13,89.71,90.45,62.1,57.24,57.66,85.78,82.48,83.88,53.22,77.83,76.65,*,NA,NA,NA,NA,NA,NA,NA,NA,NA,NA,NA,NA,NA,NA,*,NA,NA,NA,NA,NA,NA,NA,NA,NA,NA,NA,NA,*,NA,NA,NA,NA,*,NA,NA,*,NA,NA,NA,NA,NA,NA,NA,NA,*,NA,NA,*,NA,NA,*,NA,NA,NA,NA,NA,NA,NA,NA,NA,NA,NA,NA,NA,NA
31. Mothers whose last birth was protected against neonatal tetanus6 (%),NA,89.84,91.06,100,97.08,97.64,91.95,91.59,91.73,86.05,93.4,92.09,68.93,83.94,83.02,NA,70.31,71.01,92.46,89.43,89.72,94.94,93.76,94.04,89.59,89.97,89.88,90.21,NA,90.16,89.18,93.52,92.66,NA,95.61,95.36,NA,95.3,95.32,89.02,88.98,88.99,94.1,90.25,90.99,NA,62.02,64,NA,83.21,83.58,NA,81.06,82.01,97.13,94.46,94.73,75.68,78.64,78.39,93.48,90.25,91.61,62.88,75.76,75.14,*,NA,NA,NA,NA,NA,NA,NA,NA,NA,NA,NA,NA,NA,NA,*,NA,NA,NA,NA,NA,NA,NA,NA,NA,NA,NA,NA,*,NA,NA,NA,NA,*,NA,NA,*,NA,NA,NA,NA,NA,NA,NA,NA,*,NA,NA,*,NA,NA,*,NA,NA,NA,NA,NA,NA,NA,NA,NA,NA,NA,NA,NA,NA
32. Mothers who consumed iron folic acid for 100 days or more when they were pregnant (%),NA,19.23,19.52,36.34,15.78,19.74,20.07,36.84,30.38,24.72,29.45,28.61,35.28,39.56,39.3,NA,18.32,19.08,79.99,54.05,56.57,28.93,31.6,30.96,13.76,16.24,15.65,27.29,NA,27.12,13.68,12.98,13.12,NA,29.93,30.03,NA,20.62,21.73,11.65,11.67,11.66,21.21,20.28,20.46,NA,8.04,9.13,NA,17.73,17.97,NA,16.79,17.2,65.65,48.87,50.55,18.95,37.48,35.88,55.46,57.57,56.68,38.34,47.74,47.29,*,NA,NA,NA,NA,NA,NA,NA,NA,NA,NA,NA,NA,NA,NA,*,NA,NA,NA,NA,NA,NA,NA,NA,NA,NA,NA,NA,*,NA,NA,NA,NA,*,NA,NA,*,NA,NA,NA,NA,NA,NA,NA,NA,*,NA,NA,*,NA,NA,*,NA,NA,NA,NA,NA,NA,NA,NA,NA,NA,NA,NA,NA,NA
33. Mothers who had full antenatal care7 (%),NA,18.06,18.05,33.94,14.98,18.63,16.55,31.38,25.67,24.72,26.54,26.22,24.59,33.81,33.24,NA,12.03,12.51,71.29,50.39,52.42,28.93,31.04,30.53,13.76,14.21,14.1,23.66,NA,23.45,11.93,12.61,12.47,NA,29.01,29.15,NA,18.73,19.98,11.65,10.57,10.88,21.21,19.42,19.77,NA,4.02,5.32,NA,15.16,15.45,NA,15.71,15.76,65.65,46.07,48.03,12.63,28.06,26.73,52.15,51.65,51.86,25.57,37.28,36.72,*,NA,NA,NA,NA,NA,NA,NA,NA,NA,NA,NA,NA,NA,NA,*,NA,NA,NA,NA,NA,NA,NA,NA,NA,NA,NA,NA,*,NA,NA,NA,NA,*,NA,NA,*,NA,NA,NA,NA,NA,NA,NA,NA,*,NA,NA,*,NA,NA,*,NA,NA,NA,NA,NA,NA,NA,NA,NA,NA,NA,NA,NA,NA
34. Registered pregnancies for which the mother received Mother and Child Protection (MCP) card (%),NA,77.17,76.7,100,96.57,97.23,97.53,99.29,98.61,95.69,87.48,88.98,73.04,90.11,88.98,NA,84.21,83.39,NA,97.07,96.56,77.88,94.03,90.32,72.9,75.52,74.88,94.51,NA,94.59,72.21,86.17,83.47,NA,97.92,98.01,NA,95.64,95.98,81.97,83.54,83.1,100,94.3,95.4,NA,77.78,78.09,NA,86.51,86.88,NA,91.25,91.8,95.55,89.3,89.92,NA,90.28,90.29,87.82,90.31,89.28,NA,87.2,86.77,*,NA,NA,NA,NA,NA,NA,NA,NA,NA,NA,NA,NA,NA,NA,*,NA,NA,*,NA,NA,NA,NA,NA,NA,NA,NA,NA,*,NA,NA,NA,NA,*,NA,NA,*,NA,NA,NA,NA,NA,NA,NA,NA,*,NA,NA,*,NA,NA,*,NA,NA,NA,NA,NA,*,NA,NA,NA,NA,NA,*,NA,NA
35. Mothers who received postnatal care from a doctor/nurse/LHV/ANM/midwife/other health personnel within 2 days of delivery (%),NA,78.36,79.45,97.34,87.75,89.6,92.1,86.6,88.72,90.27,75.67,78.26,58.33,63.97,63.62,NA,53.06,55.01,100,79.82,81.78,90.4,79.15,81.84,94.34,77.7,81.65,84.58,NA,84.6,94.26,91.22,91.82,NA,81.42,81.08,NA,76.1,76.97,84.16,81.3,82.13,87.05,75.54,77.76,NA,36.31,39.33,NA,55.28,55.86,NA,54.39,56.27,91.63,69.85,72.03,46.33,47.88,47.74,90.32,79.79,84.25,59.41,79.69,78.71,*,NA,NA,NA,NA,NA,NA,NA,NA,NA,NA,NA,NA,NA,NA,*,NA,NA,NA,NA,NA,NA,NA,NA,NA,NA,NA,NA,*,NA,NA,NA,NA,*,NA,NA,*,NA,NA,NA,NA,NA,NA,NA,NA,*,NA,NA,*,NA,NA,*,NA,NA,NA,NA,NA,NA,NA,NA,NA,NA,NA,NA,NA,NA
36. Mothers who received financial assistance under Janani Suraksha Yojana (JSY) for births delivered in an institution (%),NA,49.05,47.33,69.66,57.18,59.68,83.29,61.76,70.27,77.21,77.43,77.39,NA,60.8,60.43,NA,43.71,44.26,58.08,54.9,55.24,40.25,60.74,55.58,54.41,53.43,53.69,49.58,NA,49.59,68.61,65.41,66.04,NA,65.21,64.62,NA,62.37,60.84,67.71,74.38,72.34,67.01,70.03,69.41,NA,25.15,28.27,NA,47.13,47.41,NA,54.04,54.7,42.93,60.93,58.75,NA,38.63,39.54,34.3,48.86,42.28,3.22,40.34,38.63,*,NA,NA,NA,NA,NA,NA,NA,NA,NA,NA,NA,*,NA,NA,*,NA,NA,NA,NA,NA,NA,NA,NA,NA,NA,NA,NA,*,NA,NA,NA,NA,*,NA,NA,*,NA,NA,NA,NA,NA,NA,NA,NA,*,NA,NA,*,NA,NA,*,NA,NA,NA,NA,NA,*,NA,NA,NA,NA,NA,NA,NA,NA
37. Average out of pocket expenditure per delivery in public health facility (Rs.),NA,3943.45,3902.6,5521.75,5451.29,5464.72,2875.88,2993.96,2942.49,NA,2635.06,2323.2,NA,4171.11,4145.69,NA,5510.04,5522.62,NA,3348.2,3379.71,5366.46,3129.55,3607.07,3483.69,4151.02,3984.28,3766.85,NA,3794.11,6376.43,5252.71,5485.77,NA,3040.63,3169.17,NA,3424.25,3780.44,3480.59,3608.02,3568.47,3559.67,3998.34,3917.39,NA,7669.74,7511.9,NA,6233.77,6127.04,NA,4952.79,5041.88,2550.16,3170.3,3100.18,NA,4527.59,4137.45,6237.18,2918.33,4299.55,NA,4531.78,4550.73,*,NA,NA,NA,NA,NA,NA,NA,NA,*,NA,NA,*,NA,NA,*,NA,NA,*,NA,NA,NA,NA,NA,NA,NA,NA,NA,*,NA,NA,NA,NA,*,NA,NA,*,NA,NA,NA,NA,NA,NA,NA,NA,*,NA,NA,*,NA,NA,*,NA,NA,NA,NA,NA,*,NA,NA,NA,NA,NA,*,NA,NA
38. Children born at home who were taken to a health facility for check-up within 24 hours of birth (%),NA,NA,NA,NA,NA,NA,NA,NA,NA,NA,0.01,0.01,NA,1.17,1.1,NA,1.51,1.42,NA,NA,NA,NA,NA,NA,NA,0.01,0.01,NA,NA,NA,NA,NA,NA,NA,NA,NA,NA,NA,NA,NA,NA,NA,NA,NA,0.01,NA,0.9,0.9,NA,1.73,1.71,NA,0,0,NA,1.49,1.49,NA,0,0,NA,NA,NA,NA,NA,4.66,*,*,*,*,*,*,*,*,*,*,NA,NA,*,NA,NA,*,NA,NA,*,*,*,*,*,*,*,NA,NA,*,*,*,*,*,*,*,*,*,*,*,*,*,*,*,*,*,NA,*,NA,NA,*,NA,NA,*,NA,NA,*,NA,NA,*,NA,NA,*,*,*,*,*,NA
39. Children who received postnatal care from a doctor/nurse/LHV/ANM/midwife/other health personnel within 2 days of delivery (%),NA,11.67,14.07,28.64,35.68,34.33,24.52,30.12,27.96,13,18.84,17.8,9.26,12.93,12.7,NA,13.72,13.12,53.02,37.43,38.95,10.16,6.61,7.46,20.8,15.17,16.51,33.87,NA,33.83,26.85,25.86,26.06,NA,8.15,7.8,NA,5.49,5.05,9.93,9.5,9.62,5.84,7.05,6.82,NA,6.15,7.11,NA,14.7,15.16,NA,18.67,20.24,41.74,43.67,43.48,19.16,8.66,9.56,28.26,34.41,31.8,12.18,18.16,17.87,*,NA,NA,NA,NA,NA,NA,NA,NA,NA,NA,NA,NA,NA,NA,*,NA,NA,NA,NA,NA,NA,NA,NA,NA,NA,NA,NA,*,NA,NA,NA,NA,*,NA,NA,*,NA,NA,NA,NA,NA,NA,NA,NA,*,NA,NA,*,NA,NA,*,NA,NA,NA,NA,NA,NA,NA,NA,NA,NA,NA,NA,NA,NA
40. Institutional births (%),100,89.99,91.04,100,96.38,97.1,98.98,95.65,96.86,85.56,85.77,85.73,76.13,79.81,79.57,NA,75.84,75.79,100,91.22,92,98.3,92.61,93.8,100,85.22,88.72,99.2,NA,99.21,95.78,95.31,95.4,93.24,93.89,93.86,NA,92.07,92.08,98.59,87.69,91.22,97.79,87.65,89.48,NA,47.6,49.63,NA,60.48,60.65,NA,63.26,64.74,100,80.99,82.68,64.88,62.37,62.58,98.41,86.76,91.77,82.61,85.94,85.78,NA,NA,NA,NA,NA,NA,NA,NA,NA,NA,NA,NA,NA,NA,NA,*,NA,NA,NA,NA,NA,NA,NA,NA,NA,NA,NA,NA,*,NA,NA,NA,NA,NA,NA,NA,*,NA,NA,NA,NA,NA,NA,NA,NA,*,NA,NA,*,NA,NA,*,NA,NA,NA,NA,NA,NA,NA,NA,NA,NA,NA,NA,NA,NA
41. Institutional births in public facility (%),78.05,73.87,74.31,84.29,92.3,90.7,97.13,94.94,95.74,78.7,85.44,84.16,70.87,77.83,77.38,NA,74.17,73.29,90.37,89.24,89.34,66.27,87.61,83.13,79.32,73.03,74.52,77.62,NA,77.99,91.39,92.18,92.02,74.77,82.63,82.28,NA,80.09,78.34,95.38,82.33,86.55,89.24,84.28,85.18,NA,45.87,47.98,NA,58.32,58.53,NA,63.26,64.45,78.83,78.02,78.09,54.98,60.53,60.06,87.33,81.84,84.2,62.49,78.25,77.47,NA,NA,NA,NA,NA,NA,NA,NA,NA,NA,NA,NA,NA,NA,NA,*,NA,NA,NA,NA,NA,NA,NA,NA,NA,NA,NA,NA,*,NA,NA,NA,NA,NA,NA,NA,*,NA,NA,NA,NA,NA,NA,NA,NA,*,NA,NA,*,NA,NA,*,NA,NA,NA,NA,NA,NA,NA,NA,NA,NA,NA,NA,NA,NA
42. Home delivery conducted by skilled health personnel (out of total deliveries) (%),0.01,1.21,1.09,0,1.88,1.5,1.02,0,0.37,5.29,2.83,3.3,10.76,2.23,2.78,NA,3.55,3.65,0.01,3.35,3.05,1.7,0.41,0.68,0,2.2,1.68,0.43,NA,0.42,0,0.9,0.72,2.85,0.74,0.83,NA,0.99,0.91,0,3.52,2.38,2.21,2.09,2.11,NA,9.31,9.11,NA,3.93,3.86,NA,3.02,3.17,0.01,3.35,3.05,2.64,3.34,3.28,0,1.82,1.04,1.65,1.42,1.43,NA,NA,NA,NA,NA,NA,NA,NA,NA,NA,NA,NA,NA,NA,NA,*,NA,NA,NA,NA,NA,NA,NA,NA,NA,NA,NA,NA,*,NA,NA,NA,NA,NA,NA,NA,*,NA,NA,NA,NA,NA,NA,NA,NA,*,NA,NA,*,NA,NA,*,NA,NA,NA,NA,NA,NA,NA,NA,NA,NA,NA,NA,NA,NA
43. Births assisted by a doctor/nurse/LHV/ANM/other health personnel (%),94.06,89.98,90.41,100,98.05,98.44,100,95.65,97.23,90.85,85.65,86.64,86.89,81.09,81.47,NA,79.17,79.23,100,94.91,95.36,94.95,90.05,91.08,100,86.82,89.93,99.63,NA,99.63,95.78,96.21,96.12,96.09,93.78,93.89,NA,92.72,92.68,98.59,90.8,93.32,100,89.74,91.59,NA,54.79,56.72,NA,63.94,64.05,NA,65.99,67.63,100,85.45,86.74,64.63,62.68,62.84,99.23,92.2,95.23,84.26,90.13,89.84,NA,NA,NA,NA,NA,NA,NA,NA,NA,NA,NA,NA,NA,NA,NA,*,NA,NA,NA,NA,NA,NA,NA,NA,NA,NA,NA,NA,*,NA,NA,NA,NA,NA,NA,NA,*,NA,NA,NA,NA,NA,NA,NA,NA,*,NA,NA,*,NA,NA,*,NA,NA,NA,NA,NA,NA,NA,NA,NA,NA,NA,NA,NA,NA
44. Births delivered by caesarean section (%),46.87,29.8,31.59,62.26,46.71,49.81,22.58,21.89,22.14,18.13,9.51,11.14,40.3,23.71,24.78,NA,22.44,22.86,50.9,18.91,21.76,66.77,34.79,41.49,50.62,29.66,34.61,74.55,NA,74.71,62.54,46.63,49.86,50.7,56.34,56.09,NA,39.26,42.28,31.73,32.31,32.12,30.55,32.71,32.32,NA,10.8,11.96,NA,11.42,11.71,NA,14.73,15.26,37.18,16.2,18.06,13.36,17.9,17.51,33.54,24.57,28.43,34.26,27.14,27.5,NA,NA,NA,NA,NA,NA,NA,NA,NA,NA,NA,NA,NA,NA,NA,*,NA,NA,NA,NA,NA,NA,NA,NA,NA,NA,NA,NA,*,NA,NA,NA,NA,NA,NA,NA,*,NA,NA,NA,NA,NA,NA,NA,NA,*,NA,NA,*,NA,NA,*,NA,NA,NA,NA,NA,NA,NA,NA,NA,NA,NA,NA,NA,NA
45. Births in a private health facility delivered by caesarean section (%),NA,41.81,47.15,NA,NA,NA,NA,NA,NA,NA,NA,NA,NA,NA,NA,NA,NA,NA,NA,NA,NA,NA,NA,86.78,NA,37.44,43.12,94.59,NA,94.59,NA,NA,NA,NA,90.33,89.92,NA,87.97,90.29,NA,NA,NA,NA,NA,NA,NA,NA,NA,NA,NA,NA,NA,NA,NA,NA,NA,NA,NA,NA,NA,NA,NA,NA,NA,NA,63.6,*,NA,NA,*,*,*,*,*,*,*,*,*,*,*,*,*,*,*,*,*,*,*,*,NA,*,NA,NA,NA,*,NA,*,*,*,*,NA,NA,*,NA,NA,*,*,*,*,*,*,*,*,*,*,*,*,*,*,*,*,*,*,*,*,*,*,*,*,*,*,NA
46. Births in a public health facility delivered by caesarean section (%),NA,31.21,31.89,64.56,46.57,49.9,21.34,23.06,22.43,16.32,11.13,12.04,53.15,28.59,30.04,NA,29.17,29.18,45.67,20,22.31,60.21,34.48,38.78,49.75,34.36,38.23,69.74,NA,70.05,63.63,48.08,51.22,NA,55.88,55.51,NA,35.86,38.13,29.91,34.07,32.58,28.44,36,34.57,NA,20.26,21.91,NA,17.62,18.09,NA,23.29,23.23,32.72,19.07,20.29,NA,28.01,27.03,26.6,25.61,26.05,36.08,28.36,28.67,*,NA,NA,NA,NA,NA,NA,NA,NA,NA,NA,NA,NA,NA,NA,*,NA,NA,NA,NA,NA,NA,NA,NA,NA,NA,NA,NA,*,NA,NA,NA,NA,*,NA,NA,*,NA,NA,NA,NA,NA,NA,NA,NA,*,NA,NA,*,NA,NA,*,NA,NA,NA,NA,NA,*,NA,NA,NA,NA,NA,NA,NA,NA
47. Children age 12-23 months fully immunized (BCG measles and 3 doses each of polio/DPT) (%),NA,76.71,77.79,NA,85.74,87.53,88.99,76.71,82.02,NA,80.18,81.87,NA,83.19,84.17,NA,42.18,44.54,NA,81.17,82.52,NA,82.57,78.61,NA,79.25,68.04,85.22,NA,85.51,NA,80.64,82.94,NA,90.98,89.93,NA,70.74,69.93,NA,70.43,72.67,NA,80.5,83.03,NA,38.53,43.17,NA,56.93,57.52,NA,73.18,74.4,NA,80.81,82.7,NA,72.95,73.09,83.95,NA,77.26,NA,70.53,68.71,*,NA,NA,*,NA,NA,NA,NA,NA,*,NA,NA,*,NA,NA,*,NA,NA,*,NA,NA,*,NA,NA,*,NA,NA,NA,*,NA,*,NA,NA,*,NA,NA,*,NA,NA,*,NA,NA,*,NA,NA,*,NA,NA,*,NA,NA,*,NA,NA,*,NA,NA,*,NA,NA,NA,*,NA,*,NA,NA
48. Children age 12-23 months who have received BCG (%),NA,97.84,98.09,NA,95.84,96.37,100,96.33,97.92,NA,98.57,98.86,NA,97.67,97.8,NA,89.09,88.41,NA,95.28,95.62,NA,96.68,97.42,NA,96.74,97.65,96.6,NA,96.66,NA,95.63,96.15,NA,100,100,NA,98.46,98.57,NA,97.89,98.67,NA,97.2,97.56,NA,78.28,79.91,NA,88.42,88.58,NA,92.37,93.2,NA,96.93,97.23,NA,96.13,96.53,100,NA,98.25,NA,84.28,84.1,*,NA,NA,*,NA,NA,NA,NA,NA,*,NA,NA,*,NA,NA,*,NA,NA,*,NA,NA,*,NA,NA,*,NA,NA,NA,*,NA,*,NA,NA,*,NA,NA,*,NA,NA,*,NA,NA,*,NA,NA,*,NA,NA,*,NA,NA,*,NA,NA,*,NA,NA,*,NA,NA,NA,*,NA,*,NA,NA
49. Children age 12-23 months who have received 3 doses of polio vaccine (%),NA,86.22,86.19,NA,86.82,88.48,91.97,83.99,87.44,NA,86.01,86.5,NA,90.2,90.77,NA,64.12,64.7,NA,93.72,94.17,NA,89.51,84,NA,91.37,80.49,90.29,NA,90.48,NA,87.78,89.23,NA,92.51,91.41,NA,79.12,77.73,NA,81.12,82.48,NA,87.82,89.4,NA,52.09,55.7,NA,68.35,68.79,NA,81.26,81.59,NA,96.93,97.23,NA,86.85,88.2,86.7,NA,84.58,NA,73.87,73.67,*,NA,NA,*,NA,NA,NA,NA,NA,*,NA,NA,*,NA,NA,*,NA,NA,*,NA,NA,*,NA,NA,*,NA,NA,NA,*,NA,*,NA,NA,*,NA,NA,*,NA,NA,*,NA,NA,*,NA,NA,*,NA,NA,*,NA,NA,*,NA,NA,*,NA,NA,*,NA,NA,NA,*,NA,*,NA,NA
50. Children age 12-23 months who have received 3 doses of DPT vaccine (%),NA,89.27,88.89,NA,97.32,97.66,91.97,88.12,89.78,NA,86.97,89.65,NA,91.42,91.92,NA,65.39,65.87,NA,93.81,94.25,NA,92.99,93.03,NA,82.44,75.72,96.6,NA,96.66,NA,89.91,91.11,NA,93.91,94.15,NA,80.72,82.05,NA,84.94,88.86,NA,93.63,94.45,NA,65.06,67.7,NA,75.73,76.07,NA,87.09,88.5,NA,95.59,96.02,NA,84.1,84.36,89.6,NA,92.18,NA,77.44,76.24,*,NA,NA,*,NA,NA,NA,NA,NA,*,NA,NA,*,NA,NA,*,NA,NA,*,NA,NA,*,NA,NA,*,NA,NA,NA,*,NA,*,NA,NA,*,NA,NA,*,NA,NA,*,NA,NA,*,NA,NA,*,NA,NA,*,NA,NA,*,NA,NA,*,NA,NA,*,NA,NA,NA,*,NA,*,NA,NA
51. Children age 12-23 months who have received measles vaccine (%),NA,88.03,87.8,NA,96.24,96.71,94.37,89.06,91.35,NA,91.08,92.91,NA,88.5,89.17,NA,57.24,58.38,NA,89.03,89.81,NA,93.44,93.38,NA,95.02,92.69,89.09,NA,89.3,NA,93.39,94.17,NA,95.57,95.74,NA,87.32,88.2,NA,89.58,91.99,NA,87.86,89.43,NA,63.06,65.84,NA,71.21,71.61,NA,82.77,84.65,NA,82.15,83.91,NA,78.08,79.07,92.98,NA,88.43,NA,82.69,80.81,*,NA,NA,*,NA,NA,NA,NA,NA,*,NA,NA,*,NA,NA,*,NA,NA,*,NA,NA,*,NA,NA,*,NA,NA,NA,*,NA,*,NA,NA,*,NA,NA,*,NA,NA,*,NA,NA,*,NA,NA,*,NA,NA,*,NA,NA,*,NA,NA,*,NA,NA,*,NA,NA,NA,*,NA,*,NA,NA
52. Children age 12-23 months who have received 3 doses of Hepatitis B vaccine (%),NA,73.26,74.75,NA,86.16,87.91,91.97,80.07,85.21,NA,79.16,79.43,NA,87.51,88.24,NA,46.58,47.02,NA,70.01,72.15,NA,85.9,79.66,NA,73.82,59.23,90.07,NA,90.27,NA,80.5,76.81,NA,85,83.39,NA,77.25,73.34,NA,58.2,64.97,NA,76.77,78.28,NA,40.58,42.52,NA,46.7,47.43,NA,50.51,54.21,NA,69.42,72.42,NA,72.91,75.69,61.9,NA,63.8,NA,36.91,36.5,*,NA,NA,*,NA,NA,NA,NA,NA,*,NA,NA,*,NA,NA,*,NA,NA,*,NA,NA,*,NA,NA,*,NA,NA,NA,*,NA,*,NA,NA,*,NA,NA,*,NA,NA,*,NA,NA,*,NA,NA,*,NA,NA,*,NA,NA,*,NA,NA,*,NA,NA,*,NA,NA,NA,*,NA,*,NA,NA
53. Children age 9-59 months who received a vitamin A dose in last 6 months (%),91.52,67.88,70.35,42.37,68.87,63.78,81.17,59.8,67.75,63.3,70.46,69.03,89.87,80,80.67,NA,61.77,61.8,56.18,45.99,46.96,84.76,73.03,75.48,85.86,67.44,71.99,75.73,NA,75.7,60.5,72.9,70.56,NA,67.62,67.31,NA,60.9,61.31,66.22,71.84,70.14,67.86,63.02,63.93,NA,51.38,52.29,NA,81.54,81.87,NA,75.02,75.2,50.59,47.2,47.49,55.22,70.07,68.75,51.04,46.15,48.31,31.11,36.84,36.54,NA,NA,NA,NA,NA,NA,NA,NA,NA,NA,NA,NA,NA,NA,NA,*,NA,NA,NA,NA,NA,NA,NA,NA,NA,NA,NA,NA,*,NA,NA,NA,NA,*,NA,NA,*,NA,NA,NA,NA,NA,NA,NA,NA,*,NA,NA,*,NA,NA,*,NA,NA,NA,NA,NA,NA,NA,NA,NA,NA,NA,NA,NA,NA
54. Children age 12-23 months who received most of the vaccinations in public health facility (%),NA,100,100,NA,98.96,96.99,100,100,100,NA,100,100,NA,100,100,NA,100,100,NA,100,100,NA,100,98.45,NA,98.27,98.76,90.56,NA,90.75,NA,100,100,NA,100,100,NA,100,100,NA,100,100,NA,100,100,NA,98.26,98.41,NA,97.74,97.77,NA,100,100,NA,96.87,97.19,NA,98.77,98.9,89.91,NA,89.9,NA,95.8,95.97,*,NA,NA,*,NA,NA,NA,NA,NA,*,NA,NA,*,NA,NA,*,NA,NA,*,NA,NA,*,NA,NA,*,NA,NA,NA,*,NA,*,NA,NA,*,NA,NA,*,NA,NA,*,NA,NA,*,NA,NA,*,NA,NA,*,NA,NA,*,NA,NA,*,NA,NA,*,NA,NA,NA,*,NA,*,NA,NA
55. Children age 12-23 months who received most of the vaccinations in private health facility (%),NA,0,0,NA,0,2.1,0.01,0.01,0,NA,0,0,NA,0,0,NA,0,0,NA,0,0,NA,0,1.55,NA,1.73,1.24,9.44,NA,9.25,NA,0,0,NA,0,0,NA,0,0,NA,0,0,NA,0,0,NA,1.74,1.59,NA,1.52,1.5,NA,0,0,NA,3.13,2.81,NA,1.23,1.1,10.09,NA,7.95,NA,2.07,1.99,*,NA,NA,*,NA,NA,NA,NA,NA,*,NA,NA,*,NA,NA,*,NA,NA,*,NA,NA,*,NA,NA,*,NA,NA,NA,*,NA,*,NA,NA,*,NA,NA,*,NA,NA,*,NA,NA,*,NA,NA,*,NA,NA,*,NA,NA,*,NA,NA,*,NA,NA,*,NA,NA,NA,*,NA,*,NA,NA
56. Prevalence of diarrhoea (reported) in the last 2 weeks preceding the survey (%),7.14,13.03,12.42,5.77,4.38,4.66,2.7,1.58,1.99,5.59,3.75,4.1,2.69,2.88,2.87,NA,5.58,5.59,13.98,2.43,3.5,1.78,3.97,3.5,13.45,11.93,12.28,4.65,NA,4.73,9.22,9.07,9.1,12.7,4.46,4.8,NA,5.76,6.58,4.1,7.23,6.27,12.77,10.39,10.83,NA,7.55,7.23,NA,44.82,44.84,NA,43.37,43.72,2.64,1.98,2.04,2.47,4.57,4.39,0.73,3.58,2.35,2.19,7.27,7.01,NA,NA,NA,NA,NA,NA,NA,NA,NA,NA,NA,NA,NA,NA,NA,*,NA,NA,NA,NA,NA,NA,NA,NA,NA,NA,NA,NA,*,NA,NA,NA,NA,NA,NA,NA,*,NA,NA,NA,NA,NA,NA,NA,NA,*,NA,NA,*,NA,NA,*,NA,NA,NA,NA,NA,NA,NA,NA,NA,NA,NA,NA,NA,NA
57. Children with diarrhoea in the last 2 weeks who received oral rehydration salts (ORS) (%),NA,58.16,54.68,NA,NA,NA,NA,NA,NA,NA,NA,NA,NA,NA,NA,NA,NA,55.09,NA,NA,NA,NA,NA,NA,NA,51.89,52.67,NA,NA,NA,NA,86.83,85.78,NA,NA,NA,NA,NA,NA,NA,NA,NA,NA,63.07,68.4,NA,54.53,54.53,NA,78.56,78.92,NA,79.9,80.99,NA,NA,NA,NA,NA,NA,NA,NA,NA,NA,NA,NA,*,NA,NA,*,*,*,*,*,*,*,*,*,*,*,*,*,*,NA,*,*,*,*,*,*,*,NA,NA,*,*,*,*,NA,NA,*,*,*,*,*,*,*,*,*,*,NA,NA,*,NA,NA,*,NA,NA,*,NA,NA,*,*,*,*,*,*,*,*,*,*,*,*
58. Children with diarrhoea in the last 2 weeks who received zinc (%),NA,29.73,27.95,NA,NA,NA,NA,NA,NA,NA,NA,NA,NA,NA,NA,NA,NA,35.37,NA,NA,NA,NA,NA,NA,NA,22.89,30.04,NA,NA,NA,NA,35.78,28.73,NA,NA,NA,NA,NA,NA,NA,NA,NA,NA,27.78,24.75,NA,31.69,31.69,NA,56.06,56.8,NA,64.15,66.1,NA,NA,NA,NA,NA,NA,NA,NA,NA,NA,NA,NA,*,NA,NA,*,*,*,*,*,*,*,*,*,*,*,*,*,*,NA,*,*,*,*,*,*,*,NA,NA,*,*,*,*,NA,NA,*,*,*,*,*,*,*,*,*,*,NA,NA,*,NA,NA,*,NA,NA,*,NA,NA,*,*,*,*,*,*,*,*,*,*,*,*
59. Children with diarrhoea in the last 2 weeks taken to a health facility (%),NA,67.29,63.27,NA,NA,NA,NA,NA,NA,NA,NA,NA,NA,NA,NA,NA,NA,66.73,NA,NA,NA,NA,NA,NA,NA,75.86,76.01,NA,NA,NA,NA,93.41,94.71,NA,NA,NA,NA,NA,NA,NA,NA,NA,NA,79.18,80.69,NA,56.25,56.25,NA,84.58,84.2,NA,78.05,79.24,NA,NA,NA,NA,NA,NA,NA,NA,NA,NA,NA,NA,*,NA,NA,*,*,*,*,*,*,*,*,*,*,*,*,*,*,NA,*,*,*,*,*,*,*,NA,NA,*,*,*,*,NA,NA,*,*,*,*,*,*,*,*,*,*,NA,NA,*,NA,NA,*,NA,NA,*,NA,NA,*,*,*,*,*,*,*,*,*,*,*,*
60. Prevalence of symptoms of acute respiratory infection (ARI) in the last 2 weeks preceding the survey (%),4.45,8.35,7.95,2.09,10.61,8.92,0,0.69,0.44,0.01,1.84,1.49,0.01,3.73,3.49,NA,5.74,5.66,0.01,0.98,0.89,0,4.19,3.28,13.79,11.33,11.9,2.89,NA,2.92,12.89,9.58,10.23,0.01,5.36,5.14,NA,7.23,6.73,2.91,4.61,4.09,3.56,8.71,7.76,NA,6.54,6.26,NA,19.78,19.46,NA,15.75,16.62,2.35,1.27,1.37,0.01,3.54,3.24,1.8,4.58,3.38,2.66,3.65,3.6,NA,NA,NA,NA,NA,NA,NA,NA,NA,NA,NA,NA,NA,NA,NA,*,NA,NA,NA,NA,NA,NA,NA,NA,NA,NA,NA,NA,*,NA,NA,NA,NA,NA,NA,NA,*,NA,NA,NA,NA,NA,NA,NA,NA,*,NA,NA,*,NA,NA,*,NA,NA,NA,NA,NA,NA,NA,NA,NA,NA,NA,NA,NA,NA
61. Children with fever or symptoms of ARI in the last 2 weeks preceding the survey taken to a health facility (%),NA,78.42,76.97,NA,95.21,93.86,NA,NA,NA,NA,67.79,58.78,NA,93.91,94.26,NA,62.74,63.94,NA,NA,NA,NA,NA,84.14,NA,78.6,82.34,89.86,NA,89.93,NA,93.02,94.28,NA,70.62,70.95,NA,81.42,77.93,NA,84.25,80.89,NA,69.07,71.5,NA,71.67,70.64,NA,83.89,84.13,NA,73.34,74.12,NA,NA,NA,NA,53.27,53.27,NA,NA,71.1,NA,78.75,78.54,*,NA,NA,*,NA,NA,*,*,*,*,NA,NA,*,NA,NA,*,NA,NA,*,*,*,*,*,NA,*,NA,NA,NA,*,NA,*,NA,NA,*,NA,NA,*,NA,NA,*,NA,NA,*,NA,NA,*,NA,NA,*,NA,NA,*,NA,NA,*,*,*,*,NA,NA,*,*,NA,*,NA,NA
62. Children under age 3 years breastfed within one hour of birth8 (%),NA,40.26,39.19,78.27,64.36,67.03,74.3,61.41,66.26,NA,51.6,54.03,NA,47.65,47.39,NA,58.44,56.65,NA,48.93,48.79,54.97,52.99,53.41,32.27,36.6,35.58,32.17,NA,32.17,41.61,45,44.38,NA,41.13,41.34,NA,44.32,44.22,45.46,46.16,45.93,42.32,52.1,50.21,NA,35.94,34.59,NA,42.9,42.61,NA,42.55,40.76,NA,37.68,39.78,NA,46.34,47.56,59.64,43.86,50.75,NA,41.72,41.34,*,NA,NA,NA,NA,NA,NA,NA,NA,*,NA,NA,*,NA,NA,*,NA,NA,*,NA,NA,NA,NA,NA,NA,NA,NA,NA,*,NA,NA,NA,NA,*,NA,NA,*,NA,NA,NA,NA,NA,NA,NA,NA,*,NA,NA,*,NA,NA,*,NA,NA,*,NA,NA,*,NA,NA,NA,NA,NA,*,NA,NA
63. Children under age 6 months exclusively breastfed9 (%),NA,70.61,71.24,NA,NA,59.14,NA,NA,NA,NA,52.75,54.5,NA,49.56,49.4,NA,56.25,53.78,NA,NA,NA,NA,NA,NA,NA,80.11,77.33,NA,NA,NA,NA,NA,76.31,NA,NA,NA,NA,NA,55.76,NA,NA,NA,NA,NA,NA,NA,55.76,54.52,NA,66.34,66.34,NA,70.7,70.56,NA,70.37,63.95,NA,43.09,47.06,NA,NA,75.8,NA,68.31,69.08,*,NA,NA,*,*,NA,*,*,*,*,NA,NA,*,NA,NA,*,NA,NA,*,*,*,*,*,*,*,NA,NA,*,*,*,*,*,NA,*,*,*,*,*,NA,*,*,*,*,*,*,*,NA,NA,*,NA,NA,*,NA,NA,*,NA,NA,*,NA,NA,*,*,NA,*,NA,NA
64. Children age 6-8 months receiving solid or semi-solid food and breastmilk9 (%),NA,NA,NA,NA,NA,NA,NA,NA,NA,NA,NA,NA,NA,NA,NA,NA,39.37,40.02,NA,NA,44.95,NA,NA,NA,NA,73.32,74.3,NA,NA,NA,NA,NA,NA,NA,NA,NA,NA,NA,NA,NA,NA,NA,NA,NA,NA,NA,NA,NA,NA,NA,NA,NA,NA,NA,NA,NA,NA,NA,52.48,52.04,NA,NA,NA,NA,NA,40.9,*,*,*,*,*,*,*,*,*,*,*,*,*,*,*,*,NA,NA,*,*,NA,*,*,*,*,NA,NA,*,*,*,*,*,*,*,*,*,*,*,*,*,*,*,*,*,*,*,*,*,*,*,*,*,*,*,*,*,*,*,NA,NA,*,*,*,*,*,NA
65. Breastfeeding children age 6-23 months receiving an adequate diet9 10 (%),NA,18.94,20.44,NA,12.12,9.61,17.89,29.23,24.57,NA,21.76,19.62,NA,26.58,28.05,NA,22.6,22.15,NA,23.05,23.97,NA,30.59,30.14,NA,17.28,17.25,18.22,NA,17.99,NA,24.3,27.58,NA,21.01,20.51,NA,17.08,16.77,NA,9.63,9.11,NA,29.09,25.45,NA,26.08,25.44,NA,21.17,21.68,NA,24.16,24.28,NA,17.51,20.05,NA,25.02,24.09,NA,16.81,28.99,NA,32.67,31.68,*,NA,NA,*,NA,NA,NA,NA,NA,*,NA,NA,*,NA,NA,*,NA,NA,*,NA,NA,*,NA,NA,*,NA,NA,NA,*,NA,*,NA,NA,*,NA,NA,*,NA,NA,*,NA,NA,*,NA,NA,*,NA,NA,*,NA,NA,*,NA,NA,*,NA,NA,*,NA,NA,*,NA,NA,*,NA,NA
66. Non-breastfeeding children age 6-23 months receiving an adequate diet9 10 (%),NA,33.72,33.72,NA,NA,NA,NA,NA,NA,NA,NA,NA,NA,45.19,47.22,NA,26.8,24.86,NA,NA,NA,NA,NA,NA,NA,NA,NA,NA,NA,NA,NA,NA,NA,NA,NA,NA,NA,NA,NA,NA,NA,NA,NA,NA,NA,NA,NA,NA,NA,41.7,41.7,NA,NA,NA,NA,NA,NA,NA,NA,NA,NA,NA,NA,NA,NA,NA,*,NA,NA,*,*,*,*,*,*,*,*,*,*,NA,NA,*,NA,NA,*,*,*,*,*,*,*,*,*,*,*,*,*,*,*,*,*,*,*,*,*,*,*,*,*,*,*,*,*,*,*,NA,NA,*,*,*,*,*,*,*,*,*,*,*,*,*,*,*
67. Total children age 6-23 months receiving an adequate diet9 10 (%),NA,21.98,22.91,NA,12.24,9.63,18.42,32.43,26.73,NA,24.12,21.44,NA,30.56,32.24,NA,23.59,22.79,NA,22.81,23.39,NA,33.85,33.52,NA,19.22,19.37,16.87,NA,16.64,NA,24.01,27.2,NA,20.74,20.1,NA,16.87,16.45,11.13,15.62,14.03,NA,28.36,25.93,NA,29.44,28.51,NA,25.89,26.2,NA,22.37,22.88,NA,16.54,19.16,NA,25.89,25.38,45.25,20.54,32.48,NA,32.9,32.48,*,NA,NA,*,NA,NA,NA,NA,NA,*,NA,NA,*,NA,NA,*,NA,NA,*,NA,NA,*,NA,NA,*,NA,NA,NA,*,NA,*,NA,NA,*,NA,NA,*,NA,NA,NA,NA,NA,*,NA,NA,*,NA,NA,*,NA,NA,*,NA,NA,*,NA,NA,*,NA,NA,NA,NA,NA,*,NA,NA
68. Children under 5 years who are stunted11 (%),36.23,30.12,30.79,10.13,23.01,20.41,20.81,20.46,20.59,27.7,42.13,39.57,20.75,28.08,27.61,NA,37.09,36.65,25.01,32.16,31.47,29.22,28.39,28.56,12.28,23.1,20.52,27.31,NA,26.9,22.04,24.91,24.39,NA,22.83,22.74,NA,23.99,22.8,16.36,18.98,18.2,13.29,22.71,20.87,NA,37.47,36.24,NA,33.95,33.57,NA,29.93,29.26,30.05,44.47,43.12,26.15,25.32,25.4,21.02,25.04,23.24,35.27,18.81,19.61,NA,NA,NA,NA,NA,NA,NA,NA,NA,NA,NA,NA,NA,NA,NA,*,NA,NA,NA,NA,NA,NA,NA,NA,NA,NA,NA,NA,*,NA,NA,NA,NA,*,NA,NA,*,NA,NA,NA,NA,NA,NA,NA,NA,*,NA,NA,*,NA,NA,*,NA,NA,NA,NA,NA,NA,NA,NA,NA,NA,NA,NA,NA,NA
69. Children under 5 years who are wasted11 (%),0.01,5.76,5.13,6.06,3.74,4.21,20.78,7.44,12.35,4.43,7.35,6.83,9.42,18.3,17.72,NA,11.17,11.11,15.07,15.28,15.26,12.68,14.96,14.49,4.81,6.6,6.17,23.75,NA,24.76,2.08,5.13,4.59,NA,10.53,10.4,NA,8.44,8.46,10.34,3.31,5.39,4.91,8.05,7.44,NA,13.81,13.16,NA,16.4,16.22,NA,15.45,16.31,25.68,11.93,13.22,5.39,18.66,17.41,18.85,9.54,13.7,6.98,5.13,5.22,NA,NA,NA,NA,NA,NA,NA,NA,NA,NA,NA,NA,NA,NA,NA,*,NA,NA,NA,NA,NA,NA,NA,NA,NA,NA,NA,NA,*,NA,NA,NA,NA,*,NA,NA,*,NA,NA,NA,NA,NA,NA,NA,NA,*,NA,NA,*,NA,NA,*,NA,NA,NA,NA,NA,NA,NA,NA,NA,NA,NA,NA,NA,NA
70. Children under 5 years who are severely wasted12 (%),0.01,1.15,1.03,0,1.21,0.97,14.39,3.39,7.44,4.43,2.77,3.07,2.41,9.65,9.18,NA,4.12,4.16,5.8,4.02,4.19,10.79,7.08,7.84,0.01,2.44,1.85,13.38,NA,14.34,0,2.34,1.92,NA,5.33,5.12,NA,3.41,3.8,4.74,1.28,2.31,0,3.05,2.45,NA,6.89,6.57,NA,7.71,7.63,NA,7.42,8.35,15.52,3.77,4.86,2.58,7.23,6.79,7.42,7.23,7.32,0.01,1.52,1.44,NA,NA,NA,NA,NA,NA,NA,NA,NA,NA,NA,NA,NA,NA,NA,*,NA,NA,NA,NA,NA,NA,NA,NA,NA,NA,NA,NA,*,NA,NA,NA,NA,*,NA,NA,*,NA,NA,NA,NA,NA,NA,NA,NA,*,NA,NA,*,NA,NA,*,NA,NA,NA,NA,NA,NA,NA,NA,NA,NA,NA,NA,NA,NA
71. Children under 5 years who are underweight11 (%),8.71,15.04,14.35,1.8,10.72,8.92,21.59,13.97,16.78,13.88,21.68,20.3,4.59,23.42,22.2,NA,23.09,22.81,19.65,19,19.06,19.15,11.15,12.79,6.59,10.87,9.85,23.04,NA,23.17,5.5,8.95,8.33,NA,11.44,11.46,NA,11.97,11.06,11.47,6.82,8.19,3.36,11.92,10.24,NA,19.46,18.81,NA,18.96,18.75,NA,19.16,18.94,22.97,27.81,27.36,12.55,23.77,22.71,20.04,13.77,16.57,16.2,8.63,9,NA,NA,NA,NA,NA,NA,NA,NA,NA,NA,NA,NA,NA,NA,NA,*,NA,NA,NA,NA,NA,NA,NA,NA,NA,NA,NA,NA,*,NA,NA,NA,NA,*,NA,NA,*,NA,NA,NA,NA,NA,NA,NA,NA,*,NA,NA,*,NA,NA,*,NA,NA,NA,NA,NA,NA,NA,NA,NA,NA,NA,NA,NA,NA
72. Women whose Body Mass Index (BMI) is below normal (BMI <18.5 kg/m2) (%),12.39,16.89,15.91,5.44,12.17,10.89,5.23,5.1,5.15,15.98,15.54,15.62,6.62,14.86,14.33,8.16,18.19,17.51,13.77,16.2,15.87,6.13,16.71,14.4,10.86,9.13,9.55,4.23,9.37,4.3,5.69,10.15,8.98,10.02,9.06,9.12,7.3,9.43,9.29,5.96,10.12,8.75,8.37,7.73,7.86,7.28,15.11,14.59,12.37,14.78,14.66,4.9,13.47,12.88,19.07,19.23,19.2,15.74,13.52,13.68,12.12,15.87,14.09,12.66,16.82,16.62,NA,NA,NA,NA,NA,NA,NA,NA,NA,NA,NA,NA,NA,NA,NA,NA,NA,NA,NA,NA,NA,NA,NA,NA,NA,NA,NA,NA,NA,NA,NA,NA,NA,NA,NA,NA,NA,NA,NA,NA,NA,NA,NA,NA,NA,NA,NA,NA,NA,NA,NA,NA,NA,NA,NA,NA,NA,NA,NA,NA,NA,NA,NA,NA,NA,NA
73. Men whose Body Mass Index (BMI) is below normal (BMI <18.5 kg/m2) (%),22.92,17.89,19.36,3.76,11.77,9.72,5.28,9.09,7.48,23.45,8.74,13.89,14.12,20.43,19.72,NA,13.27,12.99,16.82,14.64,15.04,0,9,6.09,7.68,7.59,7.62,2.13,0.01,2.08,10.16,12.18,11.5,16.47,10,10.42,13.41,8.41,9.09,10.61,10.78,10.73,5.72,9.24,8.3,NA,16.19,14.63,NA,9.97,10.5,NA,9.77,8.58,22.51,21.2,21.51,NA,13.93,15.08,9.07,19.18,14.38,10.42,16.5,15.99,NA,NA,NA,NA,NA,NA,NA,NA,NA,NA,NA,NA,NA,NA,NA,*,NA,NA,NA,NA,NA,NA,NA,NA,NA,NA,NA,NA,NA,NA,NA,NA,NA,NA,NA,NA,NA,NA,NA,NA,NA,NA,NA,NA,NA,*,NA,NA,*,NA,NA,*,NA,NA,NA,NA,NA,*,NA,NA,NA,NA,NA,NA,NA,NA
74. Women who are overweight or obese (BMI >=25.0 kg/m2) (%),36.61,16.08,20.53,41.26,29.09,31.41,19.21,19.21,19.21,23.38,11.15,13.55,37.64,19.94,21.08,41.57,19.43,20.95,33.27,23.28,24.64,36.58,21.06,24.45,37.53,32.92,34.05,41.18,12.11,40.82,41.3,31.08,33.76,38.75,33.74,34.03,39.21,30.78,31.33,39.94,29.8,33.14,36.51,30.01,31.35,43.14,17.02,18.74,40.3,16.61,17.8,37.08,12.77,14.45,40.45,16.41,20.27,27.06,15.61,16.48,45.03,29.58,36.92,47.93,34.64,35.29,NA,NA,NA,NA,NA,NA,NA,NA,NA,NA,NA,NA,NA,NA,NA,NA,NA,NA,NA,NA,NA,NA,NA,NA,NA,NA,NA,NA,NA,NA,NA,NA,NA,NA,NA,NA,NA,NA,NA,NA,NA,NA,NA,NA,NA,NA,NA,NA,NA,NA,NA,NA,NA,NA,NA,NA,NA,NA,NA,NA,NA,NA,NA,NA,NA,NA
75. Men who are overweight or obese (BMI >=25.0 kg/m2) (%),22.13,12.68,15.45,20.17,13.69,15.34,37.84,23.85,29.77,12.16,10.25,10.92,28.24,15.54,16.97,NA,14.37,15.07,35.68,15.56,19.19,28.26,18.57,21.71,15.91,19.27,18.25,35.37,7.36,34.64,24.43,15.28,18.39,28.53,22.13,22.55,13.41,15.57,15.28,23.28,11.28,14.9,21.43,13.36,15.53,NA,13.83,15.72,NA,16.17,16.64,NA,13.32,16.06,19.06,12.57,14.09,NA,12.15,12.96,36.31,21.16,28.35,43.09,22.66,24.37,NA,NA,NA,NA,NA,NA,NA,NA,NA,NA,NA,NA,NA,NA,NA,*,NA,NA,NA,NA,NA,NA,NA,NA,NA,NA,NA,NA,NA,NA,NA,NA,NA,NA,NA,NA,NA,NA,NA,NA,NA,NA,NA,NA,NA,*,NA,NA,*,NA,NA,*,NA,NA,NA,NA,NA,*,NA,NA,NA,NA,NA,NA,NA,NA
76. Children age 6-59 months who are anaemic (<11.0 g/dl) (%),57.2,62.66,62.08,55.33,55.4,55.39,50.41,39.05,43.28,55.95,47.17,48.82,53.58,42.55,43.3,NA,45.72,45.8,40.12,39.74,39.78,48.86,54.11,53.01,53.81,43.84,46.32,35.85,NA,35.86,25.3,41.91,38.95,NA,40.87,41.93,NA,37.67,36.58,30.64,23.37,25.58,47.59,46.44,46.67,NA,31.42,31.55,NA,36.93,36.65,NA,42.98,44.52,67.26,56.51,57.45,49.33,54.93,54.41,38.33,29.79,33.66,39.47,46.24,45.91,NA,NA,NA,NA,NA,NA,NA,NA,NA,NA,NA,NA,NA,NA,NA,*,NA,NA,NA,NA,NA,NA,NA,NA,NA,NA,NA,NA,*,NA,NA,NA,NA,*,NA,NA,*,NA,NA,NA,NA,NA,NA,NA,NA,*,NA,NA,*,NA,NA,*,NA,NA,NA,NA,NA,NA,NA,NA,NA,NA,NA,NA,NA,NA
77. Non-pregnant women age 15-49 years who are anaemic (<12.0 g/dl) (%),54.75,58.64,57.8,59.2,52.99,54.17,39.14,31.75,34.33,21.5,31.52,29.56,33.88,28.14,28.51,21.39,33.89,33.02,57.8,35.04,38.1,39.65,46.47,44.99,48.05,42.03,43.48,49.39,50.4,49.4,44.89,41.87,42.66,46.37,49.22,49.06,28.41,39.5,38.77,25.15,27.64,26.82,44.71,42.06,42.6,22.36,20.38,20.52,29.25,34.56,34.29,56.42,39.75,40.91,62.91,47.55,50.01,31.95,41.3,40.59,36.9,34.24,35.51,29.09,37.46,37.05,NA,NA,NA,NA,NA,NA,NA,NA,NA,NA,NA,NA,NA,NA,NA,NA,NA,NA,NA,NA,NA,NA,NA,NA,NA,NA,NA,NA,NA,NA,NA,NA,NA,NA,NA,NA,NA,NA,NA,NA,NA,NA,NA,NA,NA,NA,NA,NA,NA,NA,NA,NA,NA,NA,NA,NA,NA,NA,NA,NA,NA,NA,NA,NA,NA,NA
78. Pregnant women age 15-49 years who are anaemic (<11.0 g/dl) (%),NA,74.36,74.6,NA,39.46,38.78,NA,NA,16.35,NA,36.77,32.21,NA,18.73,20.87,NA,43.02,41.1,NA,38.2,38.07,NA,43.81,41.67,NA,42.4,37.24,33.94,NA,33.87,NA,37.8,38.18,NA,38.58,39.36,NA,37.12,38.68,NA,32.65,27.69,NA,24.41,29.3,NA,24.9,23.71,NA,28.54,29.52,NA,23.16,29.34,NA,52.45,54.53,NA,23.36,26.28,NA,NA,37.2,NA,NA,37.85,*,NA,NA,*,NA,NA,*,*,NA,*,NA,NA,*,NA,NA,*,NA,NA,*,NA,NA,*,NA,NA,*,NA,NA,NA,*,NA,*,NA,NA,*,NA,NA,*,NA,NA,*,NA,NA,*,NA,NA,*,NA,NA,*,NA,NA,*,NA,NA,*,NA,NA,*,NA,NA,*,*,NA,*,*,NA
79. All women age 15-49 years who are anaemic (%),55.86,59.84,58.99,58.16,52.46,53.55,37.95,31.15,33.56,21.65,31.73,29.7,34.47,27.7,28.15,21.08,34.37,33.44,57.03,35.16,38.1,39.48,46.38,44.87,47.11,42.04,43.29,48.8,49.36,48.81,44.68,41.66,42.44,46.5,48.93,48.79,29.39,39.45,38.77,24.89,27.8,26.84,44.66,41.54,42.19,21.36,20.67,20.71,30.82,34.08,33.93,58.13,38.95,40.33,63.34,47.83,50.25,33.48,40.1,39.57,36.56,34.68,35.57,29.07,37.48,37.07,NA,NA,NA,NA,NA,NA,NA,NA,NA,NA,NA,NA,NA,NA,NA,NA,NA,NA,NA,NA,NA,NA,NA,NA,NA,NA,NA,NA,NA,NA,NA,NA,NA,NA,NA,NA,NA,NA,NA,NA,NA,NA,NA,NA,NA,NA,NA,NA,NA,NA,NA,NA,NA,NA,NA,NA,NA,NA,NA,NA,NA,NA,NA,NA,NA,NA
80. Men age 15-49 years who are anaemic (<13.0 g/dl) (%),11.6,13.62,13.03,15.39,10.57,11.8,9.8,1.64,5.07,2.02,5.25,4.12,11.14,12.73,12.55,NA,16.89,16.61,15.34,21.43,20.33,10.59,10.85,10.77,16.98,10.64,12.56,15.43,4.46,15.15,11.74,15.21,14.03,3.4,18.39,17.45,0.01,11.83,10.23,12.38,9.78,10.56,14.64,9.79,11.09,NA,11.11,10.44,NA,25.73,24.79,NA,29.16,33.67,24.82,38.43,35.24,NA,16.83,16.94,16.01,15.7,15.85,6.27,8.65,8.44,NA,NA,NA,NA,NA,NA,NA,NA,NA,NA,NA,NA,NA,NA,NA,*,NA,NA,NA,NA,NA,NA,NA,NA,NA,NA,NA,NA,NA,NA,NA,NA,NA,NA,NA,NA,NA,NA,NA,NA,NA,NA,NA,NA,NA,*,NA,NA,*,NA,NA,*,NA,NA,NA,NA,NA,*,NA,NA,NA,NA,NA,NA,NA,NA
81. Blood sugar level - high (>140 mg/dl) (%),4.87,5.28,5.19,6.52,6.91,6.84,2.87,1.67,2.09,1.38,0.95,1.04,9.11,3.04,3.43,7.67,3.27,3.58,4.09,4.28,4.25,6.39,2.91,3.67,8.05,4.28,5.21,9.29,8.9,9.29,5.78,5.55,5.61,3.57,3.31,3.32,10.45,7.28,7.49,9.21,6.64,7.49,9.28,4.8,5.73,4.25,3.16,3.23,0.01,2.88,2.74,3.97,2.5,2.61,7.59,2.98,3.69,3.39,3.33,3.34,8.96,6.22,7.52,8.42,6.84,6.92,NA,NA,NA,NA,NA,NA,NA,NA,NA,NA,NA,NA,NA,NA,NA,NA,NA,NA,NA,NA,NA,NA,NA,NA,NA,NA,NA,NA,NA,NA,NA,NA,NA,NA,NA,NA,NA,NA,NA,NA,NA,NA,NA,NA,NA,NA,NA,NA,NA,NA,NA,NA,NA,NA,NA,NA,NA,NA,NA,NA,NA,NA,NA,NA,NA,NA
82. Blood sugar level - very high (>160 mg/dl) (%),2.17,2.07,2.09,2.33,2.09,2.14,1.78,1.16,1.38,1.38,0.23,0.46,2.18,1.01,1.08,4.89,1.33,1.57,1.84,2.04,2.02,0.94,0.7,0.75,3.62,1.68,2.16,3.97,2.97,3.96,2.56,2.24,2.32,0.85,1.38,1.35,5.91,2.55,2.78,4.69,2.4,3.15,3.59,1.88,2.23,1.5,2.06,2.03,0.01,0.37,0.35,2.21,0.97,1.06,4.87,1.25,1.81,1.05,1.34,1.31,4.77,2.97,3.83,4.56,3.24,3.31,NA,NA,NA,NA,NA,NA,NA,NA,NA,NA,NA,NA,NA,NA,NA,NA,NA,NA,NA,NA,NA,NA,NA,NA,NA,NA,NA,NA,NA,NA,NA,NA,NA,NA,NA,NA,NA,NA,NA,NA,NA,NA,NA,NA,NA,NA,NA,NA,NA,NA,NA,NA,NA,NA,NA,NA,NA,NA,NA,NA,NA,NA,NA,NA,NA,NA
83. Blood sugar level - high (>140 mg/dl) (%),12.45,3.73,6.29,2.19,3.43,3.11,4.17,0,1.75,4.66,0.69,2.08,5.97,3.2,3.51,NA,3.09,3.14,11.45,7.04,7.84,3.96,3.66,3.76,7.84,4.08,5.23,14.21,17.4,14.29,7.08,4.93,5.66,0.01,5.02,4.71,0.01,4.88,4.22,4.1,3.63,3.77,7.84,5.66,6.25,NA,3,3.12,NA,0.6,0.55,NA,2.79,2.97,5.04,1.52,2.33,NA,3.84,3.89,13.71,9.59,11.54,7.7,6.16,6.29,NA,NA,NA,NA,NA,NA,NA,NA,NA,NA,NA,NA,NA,NA,NA,*,NA,NA,NA,NA,NA,NA,NA,NA,NA,NA,NA,NA,NA,NA,NA,NA,NA,NA,NA,NA,NA,NA,NA,NA,NA,NA,NA,NA,NA,*,NA,NA,*,NA,NA,*,NA,NA,NA,NA,NA,*,NA,NA,NA,NA,NA,NA,NA,NA
84. Blood sugar level - very high (>160 mg/dl) (%),2.81,0.95,1.49,2.19,1.07,1.36,2.81,0,1.18,0.01,0,0,2.98,1.55,1.71,NA,0.93,1.14,1.9,1.98,1.96,0,0.97,0.65,3.24,1.83,2.26,7.6,3.24,7.49,3.59,1.78,2.4,0.01,1.88,1.76,0.01,1.63,1.41,2.79,1.57,1.94,2.75,3.61,3.38,NA,2.38,2.57,NA,0.6,0.55,NA,0.97,1.38,3.67,0,0.85,NA,1.81,2.02,7.02,4.38,5.63,5.59,2.44,2.71,NA,NA,NA,NA,NA,NA,NA,NA,NA,NA,NA,NA,NA,NA,NA,*,NA,NA,NA,NA,NA,NA,NA,NA,NA,NA,NA,NA,NA,NA,NA,NA,NA,NA,NA,NA,NA,NA,NA,NA,NA,NA,NA,NA,NA,*,NA,NA,*,NA,NA,*,NA,NA,NA,NA,NA,*,NA,NA,NA,NA,NA,NA,NA,NA
85. Slightly above normal (Systolic 140-159 mm of Hg and/or Diastolic 90-99 mm of Hg) (%),7,6.18,6.36,6.26,7.99,7.66,5.05,4.2,4.5,2.47,4.51,4.09,6.04,7.86,7.75,9.5,9,9.04,6.99,6.6,6.65,4.59,5.87,5.59,8.4,7.37,7.62,11.7,4.45,11.6,11.21,9.37,9.85,8.43,7.59,7.64,9.24,9.01,9.03,18.82,11.41,13.85,7.79,10.77,10.15,14.47,7.94,8.36,8.19,8.39,8.38,3.97,7.71,7.44,9.42,5.7,6.28,8.83,5.06,5.36,12.22,8.56,10.3,11.11,10.83,10.85,NA,NA,NA,NA,NA,NA,NA,NA,NA,NA,NA,NA,NA,NA,NA,NA,NA,NA,NA,NA,NA,NA,NA,NA,NA,NA,NA,NA,NA,NA,NA,NA,NA,NA,NA,NA,NA,NA,NA,NA,NA,NA,NA,NA,NA,NA,NA,NA,NA,NA,NA,NA,NA,NA,NA,NA,NA,NA,NA,NA,NA,NA,NA,NA,NA,NA
86. Moderately high (Systolic 160-179 mm of Hg and/or Diastolic 100-109 mm of Hg) (%),1.26,2.31,2.08,2.92,1.1,1.45,1.39,1.49,1.45,0.54,1.28,1.13,6.81,1.07,1.44,9.63,1.69,2.23,1.98,0.74,0.91,0.48,2.05,1.71,1.85,1.51,1.59,1.13,0,1.11,3.46,2.18,2.51,0.98,3.25,3.12,5.76,2.31,2.55,1.6,2.79,2.4,2.68,2.68,2.68,1.5,2.21,2.17,0.01,2.38,2.27,0,0.78,0.72,0.54,0.73,0.7,0,1.52,1.4,1.8,2.19,2,3.29,2.11,2.17,NA,NA,NA,NA,NA,NA,NA,NA,NA,NA,NA,NA,NA,NA,NA,NA,NA,NA,NA,NA,NA,NA,NA,NA,NA,NA,NA,NA,NA,NA,NA,NA,NA,NA,NA,NA,NA,NA,NA,NA,NA,NA,NA,NA,NA,NA,NA,NA,NA,NA,NA,NA,NA,NA,NA,NA,NA,NA,NA,NA,NA,NA,NA,NA,NA,NA
87. Very high (Systolic ?180 mm of Hg and/or Diastolic ?110 mm of Hg) (%),0.63,1.01,0.93,0.65,0.57,0.59,0,0.77,0.5,0,0.65,0.52,0.88,0.96,0.96,4.41,0.82,1.07,0,0.42,0.36,0.46,0.53,0.51,2.2,0.8,1.14,0.68,0,0.67,0,1.24,0.92,2.24,1.03,1.1,1.21,0.87,0.89,0.31,1.25,0.94,0.86,1.64,1.48,1.5,1.88,1.85,0.01,2.22,2.12,0,0.64,0.59,0,0.55,0.47,0,0.33,0.3,0.41,1.38,0.92,1.23,0.66,0.69,NA,NA,NA,NA,NA,NA,NA,NA,NA,NA,NA,NA,NA,NA,NA,NA,NA,NA,NA,NA,NA,NA,NA,NA,NA,NA,NA,NA,NA,NA,NA,NA,NA,NA,NA,NA,NA,NA,NA,NA,NA,NA,NA,NA,NA,NA,NA,NA,NA,NA,NA,NA,NA,NA,NA,NA,NA,NA,NA,NA,NA,NA,NA,NA,NA,NA
88. Slightly above normal (Systolic 140-159 mm of Hg and/or Diastolic 90-99 mm of Hg) (%),2.81,6.21,5.21,3.93,14.82,12.03,17.73,9.04,12.68,4.04,7.47,6.27,10.33,9.69,9.76,NA,14.89,14.88,10.65,10.64,10.64,3.77,8.27,6.81,6.1,6.3,6.24,18.44,8.91,18.2,23.07,15.45,18.04,9.54,4.94,5.24,4.66,10.32,9.55,8.08,8.16,8.13,9.54,9.65,9.62,NA,6.97,6.67,NA,13.31,12.23,NA,9.35,8.87,4.46,5.47,5.23,NA,9.51,8.74,16.13,12.86,14.41,19.19,15.92,16.2,NA,NA,NA,NA,NA,NA,NA,NA,NA,NA,NA,NA,NA,NA,NA,*,NA,NA,NA,NA,NA,NA,NA,NA,NA,NA,NA,NA,NA,NA,NA,NA,NA,NA,NA,NA,NA,NA,NA,NA,NA,NA,NA,NA,NA,*,NA,NA,*,NA,NA,*,NA,NA,NA,NA,NA,*,NA,NA,NA,NA,NA,NA,NA,NA
89. Moderately high (Systolic 160-179 mm of Hg and/or Diastolic 100-109 mm of Hg) (%),0.01,1.4,0.99,0,0.92,0.68,5.93,1.06,3.1,0.01,0.63,0.41,5.97,2.28,2.7,NA,2.16,2.4,0.01,3.18,2.61,0,2.2,1.48,0,1.87,1.29,0,0.01,0,7.18,1.87,3.68,7.01,0.93,1.32,2.33,1.27,1.42,4.1,1.79,2.49,1.5,1.9,1.79,NA,2.32,2.51,NA,0.88,0.8,NA,1.88,2.18,0,0,0,NA,3.24,2.97,3.24,0.82,1.96,4.91,5.55,5.5,NA,NA,NA,NA,NA,NA,NA,NA,NA,NA,NA,NA,NA,NA,NA,*,NA,NA,NA,NA,NA,NA,NA,NA,NA,NA,NA,NA,NA,NA,NA,NA,NA,NA,NA,NA,NA,NA,NA,NA,NA,NA,NA,NA,NA,*,NA,NA,*,NA,NA,*,NA,NA,NA,NA,NA,*,NA,NA,NA,NA,NA,NA,NA,NA
90. Very high (Systolic ?180 mm of Hg and/or Diastolic ?110 mm of Hg) (%),0.01,0.45,0.32,0,0.93,0.69,0.94,3.04,2.16,0.01,0.34,0.22,2.98,0.37,0.66,NA,0.84,1.45,2.55,0.5,0.87,1.17,1.71,1.54,0,0.49,0.34,0,4.46,0.11,2.12,0.79,1.24,0.01,0.92,0.86,4.37,0.38,0.92,0,0.62,0.43,3,0.37,1.08,NA,3.07,3.16,NA,0.6,0.55,NA,0.96,0.84,0,0,0,NA,0.74,1.06,3.87,1.56,2.65,2.11,1.07,1.16,NA,NA,NA,NA,NA,NA,NA,NA,NA,NA,NA,NA,NA,NA,NA,*,NA,NA,NA,NA,NA,NA,NA,NA,NA,NA,NA,NA,NA,NA,NA,NA,NA,NA,NA,NA,NA,NA,NA,NA,NA,NA,NA,NA,NA,*,NA,NA,*,NA,NA,*,NA,NA,NA,NA,NA,*,NA,NA,NA,NA,NA,NA,NA,NA
91. Cervix (%),38.57,29.72,31.59,54.93,41.96,44.42,54.98,43.93,47.85,19.12,23.58,22.67,33.11,39.82,39.39,25.51,34.35,33.74,39.05,37.34,37.57,13.59,20.37,18.88,29.64,25.76,26.73,47.35,35.81,47.2,31.08,39.07,37.03,40.01,39.14,39.19,37.73,33.47,33.75,25.37,20.03,21.81,30.61,30.81,30.77,66.16,31.08,33.31,66.58,55.32,55.85,66.2,53.63,54.53,49.86,39.56,41.16,40.73,33.34,33.93,34.57,25.52,29.85,19.69,27.39,27.03,NA,NA,NA,NA,NA,NA,NA,NA,NA,NA,NA,NA,NA,NA,NA,NA,NA,NA,NA,NA,NA,NA,NA,NA,NA,NA,NA,NA,NA,NA,NA,NA,NA,NA,NA,NA,NA,NA,NA,NA,NA,NA,NA,NA,NA,NA,NA,NA,NA,NA,NA,NA,NA,NA,NA,NA,NA,NA,NA,NA,NA,NA,NA,NA,NA,NA
92. Breast (%),18.07,11.4,12.81,24.64,19.51,20.48,30.12,8.61,16.24,21.09,6.38,9.37,13.62,13.96,13.94,10.38,14.72,14.42,8.08,13.01,12.34,6.34,7.53,7.27,9.28,9.75,9.63,14.44,10.58,14.4,20.5,18.82,19.25,11.34,11.39,11.39,19.39,12.51,12.96,13.16,8.63,10.13,9.18,9.41,9.36,45.2,19.41,21.05,63.32,44.23,45.12,60.02,42.12,43.4,14.11,14.54,14.47,9.78,14.74,14.35,8.94,7.82,8.36,5.29,7.52,7.41,NA,NA,NA,NA,NA,NA,NA,NA,NA,NA,NA,NA,NA,NA,NA,NA,NA,NA,NA,NA,NA,NA,NA,NA,NA,NA,NA,NA,NA,NA,NA,NA,NA,NA,NA,NA,NA,NA,NA,NA,NA,NA,NA,NA,NA,NA,NA,NA,NA,NA,NA,NA,NA,NA,NA,NA,NA,NA,NA,NA,NA,NA,NA,NA,NA,NA
93. Oral cavity (%),55.7,30.8,36.06,69.77,52.97,56.16,70.26,35.3,47.7,58.63,28.79,34.86,25.84,29.12,28.91,24.71,24.8,24.79,30.41,31.16,31.06,36.58,50.85,47.71,41.6,32.66,34.89,55.87,47.34,55.76,47.57,51.72,50.66,50.32,59.38,58.87,51.82,53.57,53.45,38.03,19.31,25.53,44.89,41.16,41.94,44.91,19.97,21.55,64.37,51.09,51.71,61.32,43.77,45.02,52.44,27.13,31.05,11.94,27.94,26.66,42.44,28.93,35.39,28.61,21.96,22.26,NA,NA,NA,NA,NA,NA,NA,NA,NA,NA,NA,NA,NA,NA,NA,NA,NA,NA,NA,NA,NA,NA,NA,NA,NA,NA,NA,NA,NA,NA,NA,NA,NA,NA,NA,NA,NA,NA,NA,NA,NA,NA,NA,NA,NA,NA,NA,NA,NA,NA,NA,NA,NA,NA,NA,NA,NA,NA,NA,NA,NA,NA,NA,NA,NA,NA
