Residence (District),Uttarkashi - Rural,Uttarkashi - Total,Chamoli - Rural,Chamoli - Total,Rudraprayag - Rural,Rudraprayag - Total,Tehri Garhwal - Rural,Tehri Garhwal - Total,Dehradun - Urban,Dehradun - Rural,Dehradun - Total,Garhwal - Rural,Garhwal - Total,Pithoragarh - Rural,Pithoragarh - Total,Bageshwar - Rural,Bageshwar - Total,Almora - Rural,Almora - Total,Champawat - Rural,Champawat - Total,Nainital - Urban,Nainital - Rural,Nainital - Total,Udham Singh Nagar - Urban,Udham Singh Nagar - Rural,Udham Singh Nagar - Total,Hardwar - Urban,Hardwar - Rural,Hardwar - Total,Note of Uttarkashi - Rural,Note of Uttarkashi - Total,Note of Chamoli - Rural,Note of Chamoli - Total,Note of Rudraprayag - Rural,Note of Rudraprayag - Total,Note of Tehri Garhwal - Rural,Note of Tehri Garhwal - Total,Note of Dehradun - Urban,Note of Dehradun - Rural,Note of Dehradun - Total,Note of Garhwal - Rural,Note of Garhwal - Total,Note of Pithoragarh - Rural,Note of Pithoragarh - Total,Note of Bageshwar - Rural,Note of Bageshwar - Total,Note of Almora - Rural,Note of Almora - Total,Note of Champawat - Rural,Note of Champawat - Total,Note of Nainital - Urban,Note of Nainital - Rural,Note of Nainital - Total,Note of Udham Singh Nagar - Urban,Note of Udham Singh Nagar - Rural,Note of Udham Singh Nagar - Total,Note of Hardwar - Urban,Note of Hardwar - Rural,Note of Hardwar - Total
Households surveyed,795,878,742,870,845,888,791,891,913,915,1828,731,871,764,911,885,926,785,883,737,881,875,914,1789,868,902,1770,871,914,1785,NA,NA,NA,NA,NA,NA,NA,NA,NA,NA,NA,NA,NA,NA,NA,NA,NA,NA,NA,NA,NA,NA,NA,NA,NA,NA,NA,NA,NA,NA
Women age 15-49 years interviewed,912,994,729,849,865,905,871,984,981,1051,2032,773,939,705,862,1028,1072,844,931,827,996,1061,1109,2170,1092,1153,2245,1101,1220,2321,NA,NA,NA,NA,NA,NA,NA,NA,NA,NA,NA,NA,NA,NA,NA,NA,NA,NA,NA,NA,NA,NA,NA,NA,NA,NA,NA,NA,NA,NA
Men age 15-49 years interviewed,118,139,70,85,79,84,81,93,114,117,231,97,122,68,94,100,107,61,76,64,101,126,138,264,142,148,290,131,177,308,NA,NA,NA,NA,NA,NA,NA,NA,NA,NA,NA,NA,NA,NA,NA,NA,NA,NA,NA,NA,NA,NA,NA,NA,NA,NA,NA,NA,NA,NA
1. Population (female) age 6+ years who ever attended school (%),64.1,65.8,71,74.3,69.5,70.8,61,65.8,83.1,74.3,79.9,73,75.6,68.1,71.8,72.6,73.3,68,69.7,68.8,70.5,83.1,78.1,80.1,74,64.9,68.3,72.8,66.3,69,NA,NA,NA,NA,NA,NA,NA,NA,NA,NA,NA,NA,NA,NA,NA,NA,NA,NA,NA,NA,NA,NA,NA,NA,NA,NA,NA,NA,NA,NA
2. Population below age 15 years (%),30,29.7,28.8,29.8,28.8,28.9,29,29.3,22.3,27.1,24.1,27,27.3,26.2,27.2,29.5,29.5,29.4,28.8,31.5,31.2,25,31.5,28.8,31.5,30.8,31.1,29.3,33.8,31.9,NA,NA,NA,NA,NA,NA,NA,NA,NA,NA,NA,NA,NA,NA,NA,NA,NA,NA,NA,NA,NA,NA,NA,NA,NA,NA,NA,NA,NA,NA
3. Sex ratio of the total population (females per 1000 males),1046,1031,1177,1150,1192,1169,1178,1161,918,968,936,1249,1210,1075,1069,1143,1144,1302,1259,1201,1154,946,1049,1005,879,983,941,905,948,929,NA,NA,NA,NA,NA,NA,NA,NA,NA,NA,NA,NA,NA,NA,NA,NA,NA,NA,NA,NA,NA,NA,NA,NA,NA,NA,NA,NA,NA,NA
4. Sex ratio at birth for children born in the last five years (females per 1000 males),821,825,970,950,911,879,913,953,804,866,832,756,705,791,758,874,879,1014,986,1022,991,816,877,854,943,951,948,773,1042,921,NA,NA,NA,NA,NA,NA,NA,NA,NA,NA,NA,NA,NA,NA,NA,NA,NA,NA,NA,NA,NA,NA,NA,NA,NA,NA,NA,NA,NA,NA
5. Children under age 5 years whose birth was registered (%),66.6,67.9,89.4,89.7,77.8,78.6,77,79.7,90.7,83.6,87.4,77.9,79.1,86.2,88.4,69.5,69.5,75,75.8,81.9,83.7,86,73.3,78.2,67.9,72.8,70.8,79.4,63,69.9,NA,NA,NA,NA,NA,NA,NA,NA,NA,NA,NA,NA,NA,NA,NA,NA,NA,NA,NA,NA,NA,NA,NA,NA,NA,NA,NA,NA,NA,NA
6. Households with electricity (%),92.4,93.1,94.5,95.5,98.7,98.8,97.7,98.1,99.9,98.5,99.4,97.8,98.1,96.7,97.3,97.4,97.5,96,96.4,90.4,91.7,99.6,97.8,98.6,98.2,94.7,96.1,98.9,96.9,97.8,NA,NA,NA,NA,NA,NA,NA,NA,NA,NA,NA,NA,NA,NA,NA,NA,NA,NA,NA,NA,NA,NA,NA,NA,NA,NA,NA,NA,NA,NA
7. Households with an improved drinking-water source1 (%),72.9,75.1,91.8,93.2,85.7,86.5,72.2,77.4,99.7,99.2,99.5,86,88.1,81.6,83.9,83.2,83,82.3,83.9,87.7,89.5,98.7,93.7,95.9,97,98,97.6,99.2,99,99.1,NA,NA,NA,NA,NA,NA,NA,NA,NA,NA,NA,NA,NA,NA,NA,NA,NA,NA,NA,NA,NA,NA,NA,NA,NA,NA,NA,NA,NA,NA
8. Households using improved sanitation facility2 (%),45.1,48.5,59.2,62.4,66.2,67.6,60.4,65.8,76.5,74,75.6,63.4,66.2,60.8,62.7,66.5,67.4,62.9,65,57.9,59.5,80.6,67.1,73,63.2,51.6,56.2,66.9,48.7,56.9,NA,NA,NA,NA,NA,NA,NA,NA,NA,NA,NA,NA,NA,NA,NA,NA,NA,NA,NA,NA,NA,NA,NA,NA,NA,NA,NA,NA,NA,NA
9. Households using clean fuel for cooking3 (%),21.6,28.2,22.5,34.8,27.4,32.5,20.1,35.1,94.5,67.5,84.9,25.4,35.4,24.6,36.8,19.8,23,20,26.6,23,30.4,88.7,42.9,62.8,79.2,34.8,52.6,72.7,24.2,46.2,NA,NA,NA,NA,NA,NA,NA,NA,NA,NA,NA,NA,NA,NA,NA,NA,NA,NA,NA,NA,NA,NA,NA,NA,NA,NA,NA,NA,NA,NA
10. Households using iodized salt (%),92.8,93.4,82.7,85.6,86,87,96.7,97.3,99.6,98.1,99.1,95.2,95.9,93.8,94.6,94.8,94.8,84.4,85.9,94.8,95.4,98.6,92.4,95.1,97.5,95.4,96.3,96.9,96.1,96.5,NA,NA,NA,NA,NA,NA,NA,NA,NA,NA,NA,NA,NA,NA,NA,NA,NA,NA,NA,NA,NA,NA,NA,NA,NA,NA,NA,NA,NA,NA
11. Households with any usual member covered by a health scheme or health insurance (%),32.5,32.3,20.1,18.8,30.5,29.9,37,37.4,30.2,33.2,31.2,16.2,15.9,19.7,20.9,34.5,34.2,15.7,16.1,14.7,15.4,13.2,13.4,13.4,6.4,13,10.3,8.5,4.6,6.4,NA,NA,NA,NA,NA,NA,NA,NA,NA,NA,NA,NA,NA,NA,NA,NA,NA,NA,NA,NA,NA,NA,NA,NA,NA,NA,NA,NA,NA,NA
12. Women who are literate (%),69.3,71.2,84.1,85.8,82.6,83.3,73,77.1,87.4,79.4,84.6,86.2,87.2,75.7,79,79,79.5,78.4,79.7,72.7,74,87.5,83,84.9,69.7,63.6,66,73.3,61.1,66.5,NA,NA,NA,NA,NA,NA,NA,NA,NA,NA,NA,NA,NA,NA,NA,NA,NA,NA,NA,NA,NA,NA,NA,NA,NA,NA,NA,NA,NA,NA
13. Men who are literate (%),92.9,92.6,97.2,95.9,97.7,98,89.9,91.9,98,90.1,95.5,98,96,89.7,92.5,93.6,94,98,98.4,86.6,87.5,93.7,94.7,94.2,81.7,84,83,89.5,82.9,85.4,NA,NA,NA,NA,NA,NA,NA,NA,NA,NA,NA,NA,NA,NA,NA,NA,NA,NA,NA,NA,NA,NA,NA,NA,NA,NA,NA,NA,NA,NA
14. Women with 10 or more years of schooling (%),37,40.2,45.3,49.8,50.1,52.1,48.3,53.8,64.8,52.2,60.3,48.4,51.8,32.5,38.7,41.9,42.8,38.5,41.1,34.8,38.3,59.1,47.1,52.2,43.5,31.1,36,37.4,22.5,29.1,NA,NA,NA,NA,NA,NA,NA,NA,NA,NA,NA,NA,NA,NA,NA,NA,NA,NA,NA,NA,NA,NA,NA,NA,NA,NA,NA,NA,NA,NA
15. Women age 20-24 years married before age 18 years (%),12,11.6,10.4,10.6,9.7,9.1,11.6,10,8.3,10.4,9,6,6.2,33.6,26.6,20.4,20.1,9.8,9.1,17.1,17.7,12.9,17,15.3,23,17.5,19.6,12.4,17.7,15.4,NA,NA,NA,NA,NA,NA,NA,NA,NA,NA,NA,NA,NA,NA,NA,NA,NA,NA,NA,NA,NA,NA,NA,NA,NA,NA,NA,NA,NA,NA
16. Men age 25-29 years married before age 21 years (%),NA,NA,NA,NA,NA,NA,NA,NA,3.3,NA,8.2,NA,NA,NA,NA,NA,NA,NA,NA,NA,NA,NA,NA,5.9,43,41.9,42.4,NA,29.9,31.3,*,*,*,*,*,*,*,*,NA,*,NA,*,*,*,*,*,*,*,*,*,*,*,*,NA,NA,NA,NA,*,NA,NA
17. Women age 15-19 years who were already mothers or pregnant at the time of the survey (%),5.7,5.4,1.4,1.3,2.2,2.1,0,0,1.1,2.8,1.7,4.5,3.9,8,6.8,4.3,4.1,0.8,0.8,3.4,4.2,1.2,3.4,2.5,5.8,4.2,4.8,2.1,2.9,2.6,NA,NA,NA,NA,NA,NA,NA,NA,NA,NA,NA,NA,NA,NA,NA,NA,NA,NA,NA,NA,NA,NA,NA,NA,NA,NA,NA,NA,NA,NA
18. Any method (%),68.3,68.5,61.4,60.2,59.6,61,62.5,64.3,60.1,59.3,59.8,65.5,67.2,69.7,70.1,57.4,57.9,56.5,57.1,64,63.3,51,46.7,48.5,41.1,35.9,38,46.4,37.5,41.5,NA,NA,NA,NA,NA,NA,NA,NA,NA,NA,NA,NA,NA,NA,NA,NA,NA,NA,NA,NA,NA,NA,NA,NA,NA,NA,NA,NA,NA,NA
19. Any modern method (%),64.9,64.9,60,58.4,58.2,59.1,60.6,62.7,53,53.3,53.1,60.9,62.3,66.3,66.8,54.7,54.7,53.9,54.7,60.4,59.2,46.3,43.9,44.9,36.6,34.1,35.1,41.5,33.1,36.9,NA,NA,NA,NA,NA,NA,NA,NA,NA,NA,NA,NA,NA,NA,NA,NA,NA,NA,NA,NA,NA,NA,NA,NA,NA,NA,NA,NA,NA,NA
20. Female sterilization (%),51.5,50.1,48.6,46.9,47.4,46.6,45.7,43.4,20.9,28.1,23.5,42.8,41.5,53.3,50.5,41,40.6,37.9,37.4,47.7,44.2,17.4,25.2,22,10.7,15.6,13.6,12.6,12.1,12.3,NA,NA,NA,NA,NA,NA,NA,NA,NA,NA,NA,NA,NA,NA,NA,NA,NA,NA,NA,NA,NA,NA,NA,NA,NA,NA,NA,NA,NA,NA
21. Male sterilization (%),1.2,1.1,1.4,1.2,0.5,0.5,0.2,0.1,0.7,0.6,0.7,0.7,0.6,0.6,0.7,2.9,2.8,1.9,1.7,1,1,1.1,2.7,2.1,0,0,0,0.1,0.1,0.1,NA,NA,NA,NA,NA,NA,NA,NA,NA,NA,NA,NA,NA,NA,NA,NA,NA,NA,NA,NA,NA,NA,NA,NA,NA,NA,NA,NA,NA,NA
22. IUD/PPIUD (%),0.5,0.9,0.4,0.3,1,1.2,1.8,2.6,1.5,2.1,1.7,2.4,3.2,2.2,2.3,2.1,2.2,1.4,1.4,1,1,3.1,0.9,1.8,1.9,0.8,1.3,1.7,0.8,1.2,NA,NA,NA,NA,NA,NA,NA,NA,NA,NA,NA,NA,NA,NA,NA,NA,NA,NA,NA,NA,NA,NA,NA,NA,NA,NA,NA,NA,NA,NA
23. Pill (%),1.2,1.6,2.2,2.3,2.3,2.3,2.7,2.4,2.8,4.1,3.3,3.2,3.7,1.5,1.6,1,0.9,2,2.4,1.7,2.3,5.2,4.6,4.9,2.7,2.7,2.7,7.4,2.9,4.9,NA,NA,NA,NA,NA,NA,NA,NA,NA,NA,NA,NA,NA,NA,NA,NA,NA,NA,NA,NA,NA,NA,NA,NA,NA,NA,NA,NA,NA,NA
24. Condom (%),10.6,11.3,7.4,7.7,6.8,8.3,10.2,14.1,26.8,18,23.6,11.6,13.2,8.7,11.8,7.8,8.2,10.7,11.8,8.9,10.4,18.8,10,13.7,21.2,14.7,17.3,19.2,16.4,17.7,NA,NA,NA,NA,NA,NA,NA,NA,NA,NA,NA,NA,NA,NA,NA,NA,NA,NA,NA,NA,NA,NA,NA,NA,NA,NA,NA,NA,NA,NA
25. Total unmet need (%),11,11.2,13.3,14.2,11.9,11.6,16,15.6,9,16.3,11.7,16.5,15.6,10.2,11.6,18,17.8,14.5,14.8,13.2,13.6,15.7,20,18.2,20.4,18.3,19.1,15.1,20.1,17.8,NA,NA,NA,NA,NA,NA,NA,NA,NA,NA,NA,NA,NA,NA,NA,NA,NA,NA,NA,NA,NA,NA,NA,NA,NA,NA,NA,NA,NA,NA
26. Unmet need for spacing (%),4.4,4.5,6.7,6.5,4.6,4.6,7.2,5.8,2.2,6.5,3.8,4.8,4.3,4,4.1,6.8,6.7,6.4,6.3,4.8,4.6,4.6,6.2,5.6,7,7.5,7.3,4.5,4.9,4.7,NA,NA,NA,NA,NA,NA,NA,NA,NA,NA,NA,NA,NA,NA,NA,NA,NA,NA,NA,NA,NA,NA,NA,NA,NA,NA,NA,NA,NA,NA
27. Health worker ever talked to female non-users about family planning5 (%),20.6,20.8,20.1,20.3,20.8,20.4,19.6,19.5,16.6,17.9,17,15.2,16.4,9.6,12.3,16.2,15.7,15.2,16,9.8,10.8,11.7,12.2,12,9.3,16.3,13.7,14.1,13.2,13.6,NA,NA,NA,NA,NA,NA,NA,NA,NA,NA,NA,NA,NA,NA,NA,NA,NA,NA,NA,NA,NA,NA,NA,NA,NA,NA,NA,NA,NA,NA
28. Current users ever told about side effects of current method (%),41.3,42.9,37.9,44.7,36.1,36.1,47.2,49.1,41.3,58.4,49.6,42.5,42.6,59.2,63.1,51.9,53.3,30.8,32.1,53.8,54.2,43.7,40.6,41.8,51.3,35.2,42.3,40.2,38.3,39.4,NA,NA,NA,NA,NA,NA,NA,NA,NA,NA,NA,NA,NA,NA,NA,NA,NA,NA,NA,NA,NA,NA,NA,NA,NA,NA,NA,NA,NA,NA
29. Mothers who had antenatal check-up in the first trimester (%),42.5,43.8,47,49.2,51.8,55.5,48.2,53.8,75.2,68.1,71.9,59.5,61.4,48.9,49.9,41.1,42,56.3,57.7,41.9,43.7,80.9,55.8,65.7,49.4,44.5,46.4,53.3,33.8,42.6,NA,NA,NA,NA,NA,NA,NA,NA,NA,NA,NA,NA,NA,NA,NA,NA,NA,NA,NA,NA,NA,NA,NA,NA,NA,NA,NA,NA,NA,NA
30. Mothers who had at least 4 antenatal care visits (%),20.3,22.2,17.8,20.3,11.5,17.2,17.3,23.8,43.6,51.2,47.1,33.1,36.4,23.1,30.8,22.7,23.4,28.4,31.7,26.1,29,53.4,31.8,40.4,33.2,22.1,26.6,33.9,16.3,24.2,NA,NA,NA,NA,NA,NA,NA,NA,NA,NA,NA,NA,NA,NA,NA,NA,NA,NA,NA,NA,NA,NA,NA,NA,NA,NA,NA,NA,NA,NA
31. Mothers whose last birth was protected against neonatal tetanus6 (%),92.8,93.2,91.8,90.7,95,95.4,91.4,92.6,98,97,97.5,96.4,95.6,91.7,92.7,91.9,92.1,90.7,91.4,94.3,95.2,93.4,90.4,91.6,87.7,86.3,86.9,92.9,83.7,87.9,NA,NA,NA,NA,NA,NA,NA,NA,NA,NA,NA,NA,NA,NA,NA,NA,NA,NA,NA,NA,NA,NA,NA,NA,NA,NA,NA,NA,NA,NA
32. Mothers who consumed iron folic acid for 100 days or more when they were pregnant (%),27.7,28,17.2,18.8,21.9,24.4,20.6,24.4,26.1,32.9,29.2,25.8,26.3,26.7,28.7,24.2,23.6,34.1,35.7,24.3,27.3,49.2,35.4,40.9,15.2,17.5,16.6,24.4,14.9,19.1,NA,NA,NA,NA,NA,NA,NA,NA,NA,NA,NA,NA,NA,NA,NA,NA,NA,NA,NA,NA,NA,NA,NA,NA,NA,NA,NA,NA,NA,NA
33. Mothers who had full antenatal care7 (%),9.4,9.6,3.8,5.9,2.3,5.7,3.9,7.2,15.3,23.2,18.9,10.3,11.9,11.4,14.7,10.9,10.7,16.9,18.7,7.8,11.1,29.2,14.7,20.5,7.7,4.5,5.8,12.5,3.6,7.6,NA,NA,NA,NA,NA,NA,NA,NA,NA,NA,NA,NA,NA,NA,NA,NA,NA,NA,NA,NA,NA,NA,NA,NA,NA,NA,NA,NA,NA,NA
34. Registered pregnancies for which the mother received Mother and Child Protection (MCP) card (%),92.6,92.5,97.3,97.8,98.2,96.2,97.7,98.1,92.9,95.7,94.3,94.9,95.1,94.3,94.4,95.7,95.7,99.5,99.5,97.5,97.3,97.3,91.1,93.7,90,88.7,89.2,90.5,88.9,89.7,NA,NA,NA,NA,NA,NA,NA,NA,NA,NA,NA,NA,NA,NA,NA,NA,NA,NA,NA,NA,NA,NA,NA,NA,NA,NA,NA,NA,NA,NA
35. Mothers who received postnatal care from a doctor/nurse/LHV/ANM/midwife/other health personnel within 2 days of delivery (%),45.3,45.6,48.3,47.9,53.9,57.5,51.4,52.7,78.2,57.4,68.6,54.7,56.3,51.2,56.4,41.3,42.1,55.9,58,49.2,50.7,72.7,50.8,59.5,51.4,43,46.4,63.7,43.8,52.7,NA,NA,NA,NA,NA,NA,NA,NA,NA,NA,NA,NA,NA,NA,NA,NA,NA,NA,NA,NA,NA,NA,NA,NA,NA,NA,NA,NA,NA,NA
36. Mothers who received financial assistance under Janani Suraksha Yojana (JSY) for births delivered in an institution (%),80,79.2,68.3,67.1,63.8,62.7,68.9,64.9,46.8,53.9,50,58.4,60.9,83.6,81.6,77.2,76.8,61.5,60.8,55.4,50.3,45.3,43.4,44.3,32.4,46.7,40.8,31.7,28.6,30.2,NA,NA,NA,NA,NA,NA,NA,NA,NA,NA,NA,NA,NA,NA,NA,NA,NA,NA,NA,NA,NA,NA,NA,NA,NA,NA,NA,NA,NA,NA
37. Average out of pocket expenditure per delivery in public health facility (Rs.),2492,2483,2110,2097,3406,3455,1228,1430,2042,1858,1954,1475,1478,1213,1221,2317,2299,1835,3017,1630,1943,2969,7058,5122,2055,3384,2899,2136,1946,2043,NA,NA,NA,NA,NA,NA,NA,NA,NA,NA,NA,NA,NA,NA,NA,NA,NA,NA,NA,NA,NA,NA,NA,NA,NA,NA,NA,NA,NA,NA
38. Children born at home who were taken to a health facility for check-up within 24 hours of birth (%),1.2,1.2,1.1,1,1.1,1.1,0,0,NA,0,6.3,2.2,4,0,0,2.9,2.8,0,0,0,0,0,2.8,2.3,1,1.1,1.1,6.7,2.9,4.2,NA,NA,NA,NA,NA,NA,NA,NA,*,NA,NA,NA,NA,NA,NA,NA,NA,NA,NA,NA,NA,NA,NA,NA,NA,NA,NA,NA,NA,NA
39. Children who received postnatal care from a doctor/nurse/LHV/ANM/midwife/other health personnel within 2 days of delivery (%),13.4,14.4,30.9,30.9,28.9,30.2,9,10.7,37,24.1,31,14.4,15.7,12.9,12,13.6,14.8,27.9,29.6,9.6,10.8,22.9,15.4,18.4,13.7,15,14.5,21.2,12.1,16.2,NA,NA,NA,NA,NA,NA,NA,NA,NA,NA,NA,NA,NA,NA,NA,NA,NA,NA,NA,NA,NA,NA,NA,NA,NA,NA,NA,NA,NA,NA
40. Institutional births (%),64.4,65.1,50.1,53.3,63.6,66.5,66.9,71.1,85.4,81.7,83.7,72.3,74.5,68.9,73,56,55.9,64,66.3,71.9,73.3,81.9,54.3,64.7,71.9,64.5,67.5,74.2,54.7,62.8,NA,NA,NA,NA,NA,NA,NA,NA,NA,NA,NA,NA,NA,NA,NA,NA,NA,NA,NA,NA,NA,NA,NA,NA,NA,NA,NA,NA,NA,NA
41. Institutional births in public facility (%),58.9,58.9,47.1,49.4,57.8,59.8,57.4,59.4,46.6,52.7,49.5,57.3,59.7,62.7,65.3,49.9,49.6,56.6,57.8,57.7,54.1,49.2,36.4,41.2,38.5,40.2,39.5,29.2,19.9,23.8,NA,NA,NA,NA,NA,NA,NA,NA,NA,NA,NA,NA,NA,NA,NA,NA,NA,NA,NA,NA,NA,NA,NA,NA,NA,NA,NA,NA,NA,NA
42. Home delivery conducted by skilled health personnel (out of total deliveries) (%),1.7,1.6,6.8,7.3,1.1,1,1.5,1.3,1.4,3.6,2.4,1.3,1.5,2.6,2.2,6.8,6.9,3.6,3.3,2,2.7,6.9,12.2,10.2,7.9,9.5,8.8,3.2,3.8,3.5,NA,NA,NA,NA,NA,NA,NA,NA,NA,NA,NA,NA,NA,NA,NA,NA,NA,NA,NA,NA,NA,NA,NA,NA,NA,NA,NA,NA,NA,NA
43. Births assisted by a doctor/nurse/LHV/ANM/other health personnel (%),64.8,65.5,57.2,61.8,64.8,67.6,67.7,71.9,86,84.4,85.2,72.2,74.9,72,75.6,62.3,62.3,67.6,69.6,71.5,74,85.9,61.1,70.4,77.6,68.5,72.1,75.1,55.3,63.6,NA,NA,NA,NA,NA,NA,NA,NA,NA,NA,NA,NA,NA,NA,NA,NA,NA,NA,NA,NA,NA,NA,NA,NA,NA,NA,NA,NA,NA,NA
44. Births delivered by caesarean section (%),3.6,4.7,3.1,4.7,9.3,10.5,4.3,8,15.8,17.4,16.6,9.8,11,3.5,7.3,8.5,8.7,6.4,8.7,9.6,13,33,19.6,24.6,17.3,12.2,14.2,16.9,10.3,13,NA,NA,NA,NA,NA,NA,NA,NA,NA,NA,NA,NA,NA,NA,NA,NA,NA,NA,NA,NA,NA,NA,NA,NA,NA,NA,NA,NA,NA,NA
45. Births in a private health facility delivered by caesarean section (%),NA,NA,NA,NA,NA,NA,25.5,31.2,30.9,40.8,34.8,50,53.9,NA,NA,NA,NA,NA,40.7,47.6,51.8,66.6,62.6,64.7,41.3,38.2,39.6,29.6,25,27.2,*,*,*,*,*,*,NA,NA,NA,NA,NA,NA,NA,*,*,*,*,*,NA,NA,NA,NA,NA,NA,NA,NA,NA,NA,NA,NA
46. Births in a public health facility delivered by caesarean section (%),4.2,5,5,7.4,11.8,12.6,3.4,7.2,8.3,10.5,9.4,3.9,5,2.7,6,11,10.8,6.6,9.1,5,5.5,22.9,22.9,22.9,9,7.4,8,12.2,7.8,10.1,NA,NA,NA,NA,NA,NA,NA,NA,NA,NA,NA,NA,NA,NA,NA,NA,NA,NA,NA,NA,NA,NA,NA,NA,NA,NA,NA,NA,NA,NA
47. Children age 12-23 months fully immunized (BCG measles and 3 doses each of polio/DPT) (%),71.2,72,58.7,62.2,71.4,70.3,50.3,51.1,48.6,69.6,60.7,60.8,61.2,69.2,74.2,61.1,60.2,58.6,60.6,68.4,68.4,67.3,53.7,59,51.3,44.1,47.4,55.5,55.2,55.3,NA,NA,NA,NA,NA,NA,NA,NA,NA,NA,NA,NA,NA,NA,NA,NA,NA,NA,NA,NA,NA,NA,NA,NA,NA,NA,NA,NA,NA,NA
48. Children age 12-23 months who have received BCG (%),95,95.1,92.2,93.2,95.3,95.5,98.4,98.5,91.1,96.2,94,96,96.4,96.1,96.8,89.3,89.6,97.6,97.8,98.6,98.9,98.1,87.5,91.6,88.2,97.1,93.1,86.5,89.2,88.2,NA,NA,NA,NA,NA,NA,NA,NA,NA,NA,NA,NA,NA,NA,NA,NA,NA,NA,NA,NA,NA,NA,NA,NA,NA,NA,NA,NA,NA,NA
49. Children age 12-23 months who have received 3 doses of polio vaccine (%),72.9,73.6,70.3,74.3,75.5,76.8,58.3,59,61.8,73.5,68.5,79,79.4,73.5,77.8,72.2,70.9,70.8,71.7,81.1,80.2,81.2,67.3,72.6,67.1,58.1,62.2,60.1,65.8,63.6,NA,NA,NA,NA,NA,NA,NA,NA,NA,NA,NA,NA,NA,NA,NA,NA,NA,NA,NA,NA,NA,NA,NA,NA,NA,NA,NA,NA,NA,NA
50. Children age 12-23 months who have received 3 doses of DPT vaccine (%),85.7,86.1,72.8,76.4,85,85.7,85.1,85.4,82.6,88.1,85.8,79.7,78.2,88,89.9,89.3,89.6,82.2,83.7,91.9,92,87.1,69.4,76.2,78.6,73.5,75.8,76.7,74,75,NA,NA,NA,NA,NA,NA,NA,NA,NA,NA,NA,NA,NA,NA,NA,NA,NA,NA,NA,NA,NA,NA,NA,NA,NA,NA,NA,NA,NA,NA
51. Children age 12-23 months who have received measles vaccine (%),95,95.1,81.1,81.6,89.2,87.2,85.3,85.6,80.1,93.1,87.5,81.9,80.1,88.5,90.3,79.8,80.5,84.1,85.5,85,86.3,85.5,74.2,78.5,75.1,81.7,78.7,73,71.2,71.9,NA,NA,NA,NA,NA,NA,NA,NA,NA,NA,NA,NA,NA,NA,NA,NA,NA,NA,NA,NA,NA,NA,NA,NA,NA,NA,NA,NA,NA,NA
52. Children age 12-23 months who have received 3 doses of Hepatitis B vaccine (%),64,65,49.6,54.3,58.8,58.3,50.3,51.2,54.5,67.1,61.7,67.4,65.4,70.8,71.5,60.9,60,49.5,52.3,52.1,52,68.2,56.7,61.1,53.7,58.1,56.1,59.4,61.4,60.6,NA,NA,NA,NA,NA,NA,NA,NA,NA,NA,NA,NA,NA,NA,NA,NA,NA,NA,NA,NA,NA,NA,NA,NA,NA,NA,NA,NA,NA,NA
53. Children age 9-59 months who received a vitamin A dose in last 6 months (%),28.4,28.4,39.5,38.6,46.7,49.1,27.1,29,33.1,36.2,34.6,42.4,40.3,46,46.1,33,34.1,53.7,53.4,33.6,35.7,56.1,45.6,49.5,37.6,40.8,39.5,31.5,26.2,28.3,NA,NA,NA,NA,NA,NA,NA,NA,NA,NA,NA,NA,NA,NA,NA,NA,NA,NA,NA,NA,NA,NA,NA,NA,NA,NA,NA,NA,NA,NA
54. Children age 12-23 months who received most of the vaccinations in public health facility (%),98.3,98.4,80.4,80.9,95,95.3,98.6,98.6,86.4,88.1,87.4,87.7,88.9,92.2,91.4,94.6,94.8,96.2,96.5,100,95.8,83.6,94,89.8,93.4,93.7,93.6,84,91.9,88.9,NA,NA,NA,NA,NA,NA,NA,NA,NA,NA,NA,NA,NA,NA,NA,NA,NA,NA,NA,NA,NA,NA,NA,NA,NA,NA,NA,NA,NA,NA
55. Children age 12-23 months who received most of the vaccinations in private health facility (%),0,0,2,1.7,1.9,1.8,0,0,11.6,11.9,11.8,12.3,11.1,0,2.1,0,0,3.8,3.5,0,4.2,16.4,2.4,8,5.4,2.9,4,12.9,5.1,8.1,NA,NA,NA,NA,NA,NA,NA,NA,NA,NA,NA,NA,NA,NA,NA,NA,NA,NA,NA,NA,NA,NA,NA,NA,NA,NA,NA,NA,NA,NA
56. Prevalence of diarrhoea (reported) in the last 2 weeks preceding the survey (%),21.2,21.9,21.4,20.1,15.2,14.4,14.9,14.5,15.6,20.5,17.9,13,14.7,23.2,21.1,21.2,21.1,15.8,15.1,14.9,15.2,18.9,14.5,16.2,13.1,16.2,15,22,15.2,18,NA,NA,NA,NA,NA,NA,NA,NA,NA,NA,NA,NA,NA,NA,NA,NA,NA,NA,NA,NA,NA,NA,NA,NA,NA,NA,NA,NA,NA,NA
57. Children with diarrhoea in the last 2 weeks who received oral rehydration salts (ORS) (%),62.2,60.9,60.5,60.8,69,69.9,50.9,53.9,59.4,53.9,56.4,61.7,64,28.5,31.9,46,46.5,63.5,64.1,42.6,43.1,54.7,51.2,52.8,49.6,47.8,48.4,74,53.3,63.8,NA,NA,NA,NA,NA,NA,NA,NA,NA,NA,NA,NA,NA,NA,NA,NA,NA,NA,NA,NA,NA,NA,NA,NA,NA,NA,NA,NA,NA,NA
58. Children with diarrhoea in the last 2 weeks who received zinc (%),58.8,58.5,7.7,6.9,19.7,19.1,54.7,57.4,39.5,7,22.2,67.2,65.4,10.8,14.1,8.6,9.5,11.9,11.7,21.4,19.6,20.1,13,16.1,15.9,18,17.3,49,43.3,46.2,NA,NA,NA,NA,NA,NA,NA,NA,NA,NA,NA,NA,NA,NA,NA,NA,NA,NA,NA,NA,NA,NA,NA,NA,NA,NA,NA,NA,NA,NA
59. Children with diarrhoea in the last 2 weeks taken to a health facility (%),84.2,83.7,48.7,50.2,68.5,69.5,81.1,78.4,74.2,76.4,75.4,85.1,84.1,49.7,52.8,57.5,57.9,42.7,43.6,64.3,64.3,77,56.8,65.6,70.3,84.1,79.3,81.5,85.6,83.5,NA,NA,NA,NA,NA,NA,NA,NA,NA,NA,NA,NA,NA,NA,NA,NA,NA,NA,NA,NA,NA,NA,NA,NA,NA,NA,NA,NA,NA,NA
60. Prevalence of symptoms of acute respiratory infection (ARI) in the last 2 weeks preceding the survey (%),5.5,5.3,5.5,5,2.3,2.1,1.5,1.3,0,2.3,1.1,4.4,4.7,5,4.5,6.6,6.5,3.6,3.4,7.9,7.9,6.9,4.2,5.2,4.2,6.4,5.5,7.2,6.4,6.7,NA,NA,NA,NA,NA,NA,NA,NA,NA,NA,NA,NA,NA,NA,NA,NA,NA,NA,NA,NA,NA,NA,NA,NA,NA,NA,NA,NA,NA,NA
61. Children with fever or symptoms of ARI in the last 2 weeks preceding the survey taken to a health facility (%),82.9,82.4,59.9,64.1,80.8,80.8,78.2,78.8,91.8,78.8,85,86.8,85.3,64,68.3,60.9,60,63.4,63.5,64.3,67.9,86,74.5,79.6,78.8,74.4,76.4,90.3,82.9,86.6,NA,NA,NA,NA,NA,NA,NA,NA,NA,NA,NA,NA,NA,NA,NA,NA,NA,NA,NA,NA,NA,NA,NA,NA,NA,NA,NA,NA,NA,NA
62. Children under age 3 years breastfed within one hour of birth8 (%),31.4,31.2,43.9,42.9,53.5,52.9,37.9,35.1,29.8,31.5,30.6,24.7,26.3,25,26.5,32.4,33.2,29.9,29.2,33,32.9,25.9,31.3,29.3,20.7,26.2,23.9,28.1,15,20.9,NA,NA,NA,NA,NA,NA,NA,NA,NA,NA,NA,NA,NA,NA,NA,NA,NA,NA,NA,NA,NA,NA,NA,NA,NA,NA,NA,NA,NA,NA
63. Children under age 6 months exclusively breastfed9 (%),67.7,68.8,NA,NA,NA,NA,45.3,43.7,NA,NA,69,62.5,59.9,49,47.8,21.5,21.5,44.3,44.1,58.9,60,NA,49.4,48.5,37,43.5,41.4,47.8,55.7,51.1,NA,NA,*,*,*,*,NA,NA,*,*,NA,NA,NA,NA,NA,NA,NA,NA,NA,NA,NA,*,NA,NA,NA,NA,NA,NA,NA,NA
64. Children age 6-8 months receiving solid or semi-solid food and breastmilk9 (%),NA,NA,NA,NA,NA,NA,NA,NA,NA,NA,55.6,NA,NA,NA,NA,NA,NA,47.6,48.9,NA,NA,NA,NA,39.4,NA,NA,45.5,NA,50.2,47.1,*,*,*,*,*,*,*,*,*,*,NA,*,*,*,*,*,*,NA,NA,*,*,*,*,NA,*,*,NA,*,NA,NA
65. Breastfeeding children age 6-23 months receiving an adequate diet9 10 (%),6.4,6.1,8.9,9.3,11.2,10.7,7.7,6.6,10.5,14.6,12.6,1.6,2.8,13.6,14.7,11.7,11.5,9.4,11.1,10.3,10.6,21.7,7.8,13.4,13.3,6.8,9.4,5.5,1.6,3.1,NA,NA,NA,NA,NA,NA,NA,NA,NA,NA,NA,NA,NA,NA,NA,NA,NA,NA,NA,NA,NA,NA,NA,NA,NA,NA,NA,NA,NA,NA
66. Non-breastfeeding children age 6-23 months receiving an adequate diet9 10 (%),NA,NA,NA,NA,NA,NA,NA,NA,NA,NA,NA,NA,NA,NA,NA,NA,NA,NA,NA,NA,NA,NA,NA,3.1,32.1,NA,19.3,2.8,6.7,5,*,*,*,*,*,*,*,*,*,*,*,*,*,*,*,*,*,*,*,*,*,*,*,NA,NA,*,NA,NA,NA,NA
67. Total children age 6-23 months receiving an adequate diet9 10 (%),5.5,5.3,10.9,10.7,10.4,9.6,6.6,5.7,9.6,13.2,11.5,2.8,3.7,13.1,13.7,11.3,11.1,9.1,10.6,9.8,9.8,19.5,6.9,12,17.7,6.6,11.3,4.8,2.6,3.5,NA,NA,NA,NA,NA,NA,NA,NA,NA,NA,NA,NA,NA,NA,NA,NA,NA,NA,NA,NA,NA,NA,NA,NA,NA,NA,NA,NA,NA,NA
68. Children under 5 years who are stunted11 (%),36.2,35.2,37.5,33.7,29,29.9,32.2,30.1,24.9,32.9,28.5,22.9,22.9,31.6,30.6,25.2,25.1,34.3,32.9,31.4,30.5,29.5,33.7,32.1,39.3,36.8,37.8,39.9,38.5,39.1,NA,NA,NA,NA,NA,NA,NA,NA,NA,NA,NA,NA,NA,NA,NA,NA,NA,NA,NA,NA,NA,NA,NA,NA,NA,NA,NA,NA,NA,NA
69. Children under 5 years who are wasted11 (%),40.1,39.4,19,18,19.5,18.4,45.6,46.9,29.8,30.4,30.1,25.1,27.4,23.4,20.6,26.4,26.3,13.7,14.4,17.1,17.4,9.2,8.9,9,10.1,13.1,12,14.5,10.7,12.3,NA,NA,NA,NA,NA,NA,NA,NA,NA,NA,NA,NA,NA,NA,NA,NA,NA,NA,NA,NA,NA,NA,NA,NA,NA,NA,NA,NA,NA,NA
70. Children under 5 years who are severely wasted12 (%),24,23.6,8.2,7.2,8.2,7.5,26.1,28.1,9.5,15,12,16.9,18.1,10.2,9.2,13.3,13.5,6.8,7.7,5.9,6.1,2.9,4.1,3.7,2.6,4.1,3.5,6.8,4.3,5.3,NA,NA,NA,NA,NA,NA,NA,NA,NA,NA,NA,NA,NA,NA,NA,NA,NA,NA,NA,NA,NA,NA,NA,NA,NA,NA,NA,NA,NA,NA
71. Children under 5 years who are underweight11 (%),41.4,40.3,23.5,22.3,26.9,25.9,41.9,44.2,27.6,34.5,30.7,27.1,27.9,18.2,16.6,27.3,27.2,23,22.5,20.4,21.2,14,18.8,17,31.6,24.2,27.1,22.8,26,24.7,NA,NA,NA,NA,NA,NA,NA,NA,NA,NA,NA,NA,NA,NA,NA,NA,NA,NA,NA,NA,NA,NA,NA,NA,NA,NA,NA,NA,NA,NA
72. Women whose Body Mass Index (BMI) is below normal (BMI <18.5 kg/m2) (%),17.1,16.9,16.5,15.2,15.4,14.8,20.5,18.1,17.9,13,16.2,18.4,16.6,14.9,13.5,25.1,24.9,25.2,24.8,21.9,20.6,15,18.9,17.2,15.4,21.5,19.1,15.4,24.9,20.7,NA,NA,NA,NA,NA,NA,NA,NA,NA,NA,NA,NA,NA,NA,NA,NA,NA,NA,NA,NA,NA,NA,NA,NA,NA,NA,NA,NA,NA,NA
73. Men whose Body Mass Index (BMI) is below normal (BMI <18.5 kg/m2) (%),14.4,16.4,16.9,12.8,16.9,17.3,19.2,16.2,8.9,9.2,9,18.9,18.4,9.9,8.2,14.9,13.8,30.9,32.5,22,21.6,16.2,20.5,18.6,16.1,23.2,20.2,12.7,19.7,17.1,NA,NA,NA,NA,NA,NA,NA,NA,NA,NA,NA,NA,NA,NA,NA,NA,NA,NA,NA,NA,NA,NA,NA,NA,NA,NA,NA,NA,NA,NA
74. Women who are overweight or obese (BMI >=25.0 kg/m2) (%),10.3,11.5,12.9,16.6,11.4,12.4,4.5,5.3,24.4,24.4,24.4,16.6,17.5,14.9,19,9.7,10.2,7.7,9.2,13.6,17.1,32,23.5,27.2,32.3,20.1,24.8,32.5,17.3,24,NA,NA,NA,NA,NA,NA,NA,NA,NA,NA,NA,NA,NA,NA,NA,NA,NA,NA,NA,NA,NA,NA,NA,NA,NA,NA,NA,NA,NA,NA
75. Men who are overweight or obese (BMI >=25.0 kg/m2) (%),7.5,11.3,8.2,10.2,12.1,10.7,6.3,5.9,23.1,18.4,21.6,12.4,14,14.6,18.3,16.7,16.5,13.8,13.7,23.2,19.3,24.3,18.7,21.3,24.8,12.8,17.9,25.1,15.8,19.3,NA,NA,NA,NA,NA,NA,NA,NA,NA,NA,NA,NA,NA,NA,NA,NA,NA,NA,NA,NA,NA,NA,NA,NA,NA,NA,NA,NA,NA,NA
76. Children age 6-59 months who are anaemic (<11.0 g/dl) (%),76.3,76.2,54,53.6,60.3,58.6,60.5,59.9,50.3,50.8,50.6,57.8,58.1,41.8,42.3,49.1,49,48.2,48.6,42.6,46.1,61.6,55.8,58,66.5,63.5,64.6,70.4,71.5,71.1,NA,NA,NA,NA,NA,NA,NA,NA,NA,NA,NA,NA,NA,NA,NA,NA,NA,NA,NA,NA,NA,NA,NA,NA,NA,NA,NA,NA,NA,NA
77. Non-pregnant women age 15-49 years who are anaemic (<12.0 g/dl) (%),52.2,52.3,36.3,37.3,38.8,37.8,44.7,45,40.6,45.2,42.3,44.3,43,35,34.3,41.5,41.1,32.3,32.7,33.7,35.7,39.6,37.2,38.3,47.6,55.2,52.3,48.3,60.1,54.9,NA,NA,NA,NA,NA,NA,NA,NA,NA,NA,NA,NA,NA,NA,NA,NA,NA,NA,NA,NA,NA,NA,NA,NA,NA,NA,NA,NA,NA,NA
78. Pregnant women age 15-49 years who are anaemic (<11.0 g/dl) (%),60.9,60.2,45.5,44.5,59.9,56.5,44.1,34.5,41.2,23.8,33.4,NA,NA,42,42,47.1,47.1,43.2,40.4,NA,33.5,43,40.4,41.5,43,60.5,53,61,62.2,61.7,NA,NA,NA,NA,NA,NA,NA,NA,NA,NA,NA,*,*,NA,NA,NA,NA,NA,NA,*,NA,NA,NA,NA,NA,NA,NA,NA,NA,NA
79. All women age 15-49 years who are anaemic (%),52.6,52.6,36.7,37.6,39.5,38.4,44.7,44.6,40.7,44.1,41.9,43.8,42.4,35.3,34.5,41.7,41.3,32.7,32.9,33.8,35.6,39.7,37.3,38.4,47.4,55.4,52.3,48.9,60.2,55.3,NA,NA,NA,NA,NA,NA,NA,NA,NA,NA,NA,NA,NA,NA,NA,NA,NA,NA,NA,NA,NA,NA,NA,NA,NA,NA,NA,NA,NA,NA
80. Men age 15-49 years who are anaemic (<13.0 g/dl) (%),25.9,23.8,14.8,16.6,11.5,10.1,10.5,10.2,15.3,12.7,14.5,7.7,6.8,10.5,10,17.2,15.9,20.3,20.4,13.7,16.1,16.7,14,15.2,20.2,15.4,17.5,11.8,22.7,18.6,NA,NA,NA,NA,NA,NA,NA,NA,NA,NA,NA,NA,NA,NA,NA,NA,NA,NA,NA,NA,NA,NA,NA,NA,NA,NA,NA,NA,NA,NA
81. Blood sugar level - high (>140 mg/dl) (%),4.3,4.5,3.8,3.9,3.8,3.9,4.6,4.4,5.4,6.3,5.7,7.9,7.1,6.6,6.4,4.3,4.3,4.6,4.8,8.5,8,6.9,7.5,7.3,8.4,6.7,7.4,6.2,6.6,6.5,NA,NA,NA,NA,NA,NA,NA,NA,NA,NA,NA,NA,NA,NA,NA,NA,NA,NA,NA,NA,NA,NA,NA,NA,NA,NA,NA,NA,NA,NA
82. Blood sugar level - very high (>160 mg/dl) (%),2.1,2.1,2.1,1.9,1.7,1.6,1.4,1.5,2.6,2.3,2.4,3.4,3.2,1.8,1.7,1.9,1.9,1.1,1.2,2.6,2.5,3.4,2.2,2.7,3.8,3,3.3,3.1,2.1,2.6,NA,NA,NA,NA,NA,NA,NA,NA,NA,NA,NA,NA,NA,NA,NA,NA,NA,NA,NA,NA,NA,NA,NA,NA,NA,NA,NA,NA,NA,NA
83. Blood sugar level - high (>140 mg/dl) (%),10.4,10,2.4,1.8,2.3,4.5,4,9.6,11,3.4,8.5,5.9,5.4,12.6,9.2,12.5,12.6,6.5,5.4,13,10.7,4.7,12.2,8.8,9.1,11.8,10.7,12.7,7.9,9.7,NA,NA,NA,NA,NA,NA,NA,NA,NA,NA,NA,NA,NA,NA,NA,NA,NA,NA,NA,NA,NA,NA,NA,NA,NA,NA,NA,NA,NA,NA
84. Blood sugar level - very high (>160 mg/dl) (%),2.6,2.3,1.2,0.9,0,2.4,0,3.2,8.5,2.5,6.5,2.4,1.8,5.1,3.8,2,1.9,3.9,3.2,8.4,6.7,4.7,3.1,3.8,3.6,8,6.1,6.4,3.5,4.6,NA,NA,NA,NA,NA,NA,NA,NA,NA,NA,NA,NA,NA,NA,NA,NA,NA,NA,NA,NA,NA,NA,NA,NA,NA,NA,NA,NA,NA,NA
85. Slightly above normal (Systolic 140-159 mm of Hg and/or Diastolic 90-99 mm of Hg) (%),5.3,5.5,5.8,6,5,5.2,3.7,3.8,7.5,6.8,7.3,5.8,6,6,7.3,4.4,4.3,7.9,8.2,8.6,8.9,10.1,8.9,9.4,8,8.2,8.1,8.4,6.8,7.5,NA,NA,NA,NA,NA,NA,NA,NA,NA,NA,NA,NA,NA,NA,NA,NA,NA,NA,NA,NA,NA,NA,NA,NA,NA,NA,NA,NA,NA,NA
86. Moderately high (Systolic 160-179 mm of Hg and/or Diastolic 100-109 mm of Hg) (%),0.8,0.9,0.4,0.5,1.1,1,0.3,0.4,0.9,1.1,0.9,1.8,2.3,1.1,1,0.7,0.7,1,1.2,1.9,2,2.2,2,2.1,3,2.6,2.8,2.3,1.4,1.8,NA,NA,NA,NA,NA,NA,NA,NA,NA,NA,NA,NA,NA,NA,NA,NA,NA,NA,NA,NA,NA,NA,NA,NA,NA,NA,NA,NA,NA,NA
87. Very high (Systolic ?180 mm of Hg and/or Diastolic ?110 mm of Hg) (%),0.2,0.2,0.4,0.6,0.1,0.1,0.2,0.3,1,0.6,0.9,0,0,0.9,0.9,0.8,0.9,0.1,0.2,0.1,0.2,1.2,0.7,0.9,1.3,1.3,1.3,1.3,1.1,1.2,NA,NA,NA,NA,NA,NA,NA,NA,NA,NA,NA,NA,NA,NA,NA,NA,NA,NA,NA,NA,NA,NA,NA,NA,NA,NA,NA,NA,NA,NA
88. Slightly above normal (Systolic 140-159 mm of Hg and/or Diastolic 90-99 mm of Hg) (%),3.5,6.1,11.4,13.9,14.5,15.1,4.2,3.3,13.4,11.4,12.7,18.9,17.2,15.6,17,13.4,12.4,16.5,14.9,17.8,14.8,17.9,10,13.6,17,12.1,14.1,15.8,11.3,13,NA,NA,NA,NA,NA,NA,NA,NA,NA,NA,NA,NA,NA,NA,NA,NA,NA,NA,NA,NA,NA,NA,NA,NA,NA,NA,NA,NA,NA,NA
89. Moderately high (Systolic 160-179 mm of Hg and/or Diastolic 100-109 mm of Hg) (%),2.8,3.7,1.2,2.2,0,0,0,0,4.1,3.2,3.8,5.2,4,0,1.1,0.9,0.8,4,3.3,3,2.9,3.7,5.2,4.5,5.9,3.4,4.5,5.2,1.5,2.9,NA,NA,NA,NA,NA,NA,NA,NA,NA,NA,NA,NA,NA,NA,NA,NA,NA,NA,NA,NA,NA,NA,NA,NA,NA,NA,NA,NA,NA,NA
90. Very high (Systolic ?180 mm of Hg and/or Diastolic ?110 mm of Hg) (%),0.7,0.6,0,0,0,0,0,0,1.2,0.9,1.1,0,0,0,0,2.4,2.2,1.4,1.2,2.7,1.8,0,0,0,1.2,2.4,1.9,1.2,0,0.4,NA,NA,NA,NA,NA,NA,NA,NA,NA,NA,NA,NA,NA,NA,NA,NA,NA,NA,NA,NA,NA,NA,NA,NA,NA,NA,NA,NA,NA,NA
91. Cervix (%),7.8,8.2,19.8,20.6,22,22.9,10.6,12.6,18.6,22.9,20.1,10.2,11.1,28.6,28.6,16.3,16.9,24.3,26.6,17.7,17.7,27.7,17.8,22,13.5,8.9,10.7,18.2,10.1,13.7,NA,NA,NA,NA,NA,NA,NA,NA,NA,NA,NA,NA,NA,NA,NA,NA,NA,NA,NA,NA,NA,NA,NA,NA,NA,NA,NA,NA,NA,NA
92. Breast (%),5.9,6.6,6.6,6.7,4.9,6,4.5,6.7,7.8,7.9,7.8,6.1,7.1,7.3,7.9,4.1,4.1,11.7,12.6,7.2,7.6,12,8.8,10.2,8.7,7.8,8.2,11.8,9.5,10.5,NA,NA,NA,NA,NA,NA,NA,NA,NA,NA,NA,NA,NA,NA,NA,NA,NA,NA,NA,NA,NA,NA,NA,NA,NA,NA,NA,NA,NA,NA
93. Oral cavity (%),8.7,9.8,9.8,10,10.1,11.7,3.4,5.6,15,17.1,15.7,10.9,12.2,12.9,13.5,10.1,10.1,16.6,17.2,11.6,12.4,21.2,14.5,17.4,13,9.3,10.7,11.4,8.4,9.8,NA,NA,NA,NA,NA,NA,NA,NA,NA,NA,NA,NA,NA,NA,NA,NA,NA,NA,NA,NA,NA,NA,NA,NA,NA,NA,NA,NA,NA,NA
