Residence,Srikakulam - Rural,Srikakulam - Total,Vizianagaram - Rural,Vizianagaram - Total,Visakhapatnam - Urban,Visakhapatnam - Rural,Visakhapatnam - Total,East Godavari - Rural,East Godavari - Total,West Godavari - Rural,West Godavari - Total,Krishna - Urban,Krishna - Rural,Krishna - Total,Guntur - Urban,Guntur - Rural,Guntur - Total,Prakasam - Rural,Prakasam - Total,Sri Potti Sriramulu Nellore - Rural,Sri Potti Sriramulu Nellore - Total,Y.S.R. - Urban,Y.S.R. - Rural,Y.S.R. - Total,Kurnool - Rural,Kurnool - Total,Anantapur - Rural,Anantapur - Total,Chittoor - Rural,Chittoor - Total,Note of - Srikakulam - Rural,Note of - Srikakulam - Total,Note of - Vizianagaram - Rural,Note of - Vizianagaram - Total,Note of - Visakhapatnam - Urban,Note of - Visakhapatnam - Rural,Note of - Visakhapatnam - Total,Note of - East Godavari - Rural,Note of - East Godavari - Total,Note of - West Godavari - Rural,Note of - West Godavari - Total,Note of - Krishna - Urban,Note of - Krishna - Rural,Note of - Krishna - Total,Note of - Guntur - Urban,Note of - Guntur - Rural,Note of - Guntur - Total,Note of - Prakasam - Rural,Note of - Prakasam - Total,Note of - Sri Potti Sriramulu Nellore - Rural,Note of - Sri Potti Sriramulu Nellore - Total,Note of - Y.s.r. - Urban,Note of - Y.s.r. - Rural,Note of - Y.s.r. - Total,Note of - Kurnool - Rural,Note of - Kurnool - Total,Note of - Anantapur - Rural,Note of - Anantapur - Total,Note of - Chittoor - Rural,Note of - Chittoor - Total
Households surveyed,660,784,635,799,373,395,768,595,803,627,787,397,401,798,395,394,789,651,800,568,803,381,397,778,569,799,561,784,554,773,NA,NA,NA,NA,NA,NA,NA,NA,NA,NA,NA,NA,NA,NA,NA,NA,NA,NA,NA,NA,NA,NA,NA,NA,NA,NA,NA,NA,NA,NA
Women age 15-49 years interviewed,673,815,689,850,396,376,772,608,802,593,736,418,418,836,397,364,761,624,785,637,855,400,382,782,654,899,554,795,540,740,NA,NA,NA,NA,NA,NA,NA,NA,NA,NA,NA,NA,NA,NA,NA,NA,NA,NA,NA,NA,NA,NA,NA,NA,NA,NA,NA,NA,NA,NA
Men age 15-49 years interviewed,85,104,75,98,57,50,107,90,125,76,100,54,58,112,54,50,104,73,102,79,108,55,48,103,97,141,71,100,71,95,NA,NA,NA,NA,NA,NA,NA,NA,NA,NA,NA,NA,NA,NA,NA,NA,NA,NA,NA,NA,NA,NA,NA,NA,NA,NA,NA,NA,NA,NA
1. Population (female) age 6+ years who ever attended school (%),54.3,58.4,51.6,56.4,74.7,48.6,61.3,64.1,69,68.7,68.5,83.4,64.3,71.3,75,51.4,60.3,49.8,53.5,57.5,60.6,75,49.7,59.2,52.1,56.6,52.1,56.9,60.9,65,NA,NA,NA,NA,NA,NA,NA,NA,NA,NA,NA,NA,NA,NA,NA,NA,NA,NA,NA,NA,NA,NA,NA,NA,NA,NA,NA,NA,NA,NA
2. Population below age 15 years (%),22.2,22.2,23.8,23.7,21,25.5,23.3,22.6,21.8,23.8,23,20.9,22.7,22.1,25.2,21.7,23,25.4,25,23,22.9,24.5,24.7,24.6,29.8,29.4,22.9,24,23.2,23.4,NA,NA,NA,NA,NA,NA,NA,NA,NA,NA,NA,NA,NA,NA,NA,NA,NA,NA,NA,NA,NA,NA,NA,NA,NA,NA,NA,NA,NA,NA
3. Sex ratio of the total population (females per 1000 males),1026,1028,1069,1066,1041,1053,1047,921,927,1019,1020,1045,1032,1037,1069,985,1015,1015,1016,1050,1039,1010,1050,1034,1038,1021,988,1000,1077,1079,NA,NA,NA,NA,NA,NA,NA,NA,NA,NA,NA,NA,NA,NA,NA,NA,NA,NA,NA,NA,NA,NA,NA,NA,NA,NA,NA,NA,NA,NA
4. Sex ratio at birth for children born in the last five years (females per 1000 males),865,933,917,864,1231,1013,1097,968,1008,755,834,756,993,900,790,552,637,768,799,1109,1156,829,604,675,867,816,1077,1196,1140,1168,NA,NA,NA,NA,NA,NA,NA,NA,NA,NA,NA,NA,NA,NA,NA,NA,NA,NA,NA,NA,NA,NA,NA,NA,NA,NA,NA,NA,NA,NA
5. Children under age 5 years whose birth was registered (%),89.2,89.3,86.2,88,93,78.5,84.5,83.7,84.3,88.1,87.3,94.1,78.4,83.6,95.4,87.2,90.6,66.7,68.9,77.8,80.7,85.2,68.2,74.5,69.1,73.3,87,89.4,85.5,86.4,NA,NA,NA,NA,NA,NA,NA,NA,NA,NA,NA,NA,NA,NA,NA,NA,NA,NA,NA,NA,NA,NA,NA,NA,NA,NA,NA,NA,NA,NA
6. Households with electricity (%),96.8,97.3,97.5,98.1,99.4,97.7,98.5,98.8,99.1,98.6,98.7,99.4,98.8,99,99.8,99.3,99.5,97.8,97.7,97.2,97.9,100,99.5,99.7,99.5,99.7,99,99.1,98.2,98.6,NA,NA,NA,NA,NA,NA,NA,NA,NA,NA,NA,NA,NA,NA,NA,NA,NA,NA,NA,NA,NA,NA,NA,NA,NA,NA,NA,NA,NA,NA
7. Households with an improved drinking-water source1 (%),74.7,75.7,92.5,89.5,88.6,80.2,84.3,82.1,82.1,73.4,74.3,83.1,62.2,70,80.6,71.7,74.9,59.5,58.2,68.8,67.7,36.8,66.6,55.8,81.8,81.7,69.5,61.3,76.3,65.3,NA,NA,NA,NA,NA,NA,NA,NA,NA,NA,NA,NA,NA,NA,NA,NA,NA,NA,NA,NA,NA,NA,NA,NA,NA,NA,NA,NA,NA,NA
8. Households using improved sanitation facility2 (%),26.6,33.2,18.6,31.9,86,26.1,55.2,50.1,56.8,55.6,61.2,80,53.3,63.2,80.3,53.8,63.2,49.6,53.6,41,52.7,93.9,54.3,68.7,46.4,52.9,35,46.5,30,39.7,NA,NA,NA,NA,NA,NA,NA,NA,NA,NA,NA,NA,NA,NA,NA,NA,NA,NA,NA,NA,NA,NA,NA,NA,NA,NA,NA,NA,NA,NA
9. Households using clean fuel for cooking3 (%),31.6,38,34.8,48.1,93.3,20.9,56.1,37.3,50.3,54.2,62.3,94.7,60.6,73.3,96.4,70.6,79.7,62,65.9,46.8,57.1,92.9,60.2,72.1,53.8,63.7,55.9,65.9,47,59.3,NA,NA,NA,NA,NA,NA,NA,NA,NA,NA,NA,NA,NA,NA,NA,NA,NA,NA,NA,NA,NA,NA,NA,NA,NA,NA,NA,NA,NA,NA
10. Households using iodized salt (%),77.3,80,63.3,69.1,97.9,83.2,90.4,77.1,82.3,83,85.1,92.1,89.5,90.5,88,79.5,82.5,74.3,76.4,78.2,82.2,89,64.1,73.2,73.3,74.7,71.8,77.8,79.2,83.8,NA,NA,NA,NA,NA,NA,NA,NA,NA,NA,NA,NA,NA,NA,NA,NA,NA,NA,NA,NA,NA,NA,NA,NA,NA,NA,NA,NA,NA,NA
11. Households with any usual member covered by a health scheme or health insurance (%),86,82.2,85.4,79.9,51.1,87.8,70,75.9,70.9,80.7,79,60.8,77.8,71.5,61.1,81.8,74.5,76.4,75.3,79.4,73,59.5,80.8,73,79.2,75.4,81.9,76.5,79.6,74.8,NA,NA,NA,NA,NA,NA,NA,NA,NA,NA,NA,NA,NA,NA,NA,NA,NA,NA,NA,NA,NA,NA,NA,NA,NA,NA,NA,NA,NA,NA
12. Women who are literate (%),55.7,59.6,49.3,54.3,77.3,49.4,64,66.8,71.7,68,68.1,83.5,65.5,72.3,73,52.6,60.4,52.1,54.6,59.4,61.4,78.3,54.3,63.6,44.2,51.8,53.7,58.2,63.5,67.7,NA,NA,NA,NA,NA,NA,NA,NA,NA,NA,NA,NA,NA,NA,NA,NA,NA,NA,NA,NA,NA,NA,NA,NA,NA,NA,NA,NA,NA,NA
13. Men who are literate (%),76.2,79.7,63.6,73.4,90.7,73.3,82.8,78.1,83.3,63.1,65.9,97.9,82.6,88.4,87.4,69.5,76.6,68.2,74,78,80.1,88.8,67.4,77,66.2,70.8,80.9,86.5,82.3,87.5,NA,NA,NA,NA,NA,NA,NA,NA,NA,NA,NA,NA,NA,NA,NA,NA,NA,NA,NA,NA,NA,NA,NA,NA,NA,NA,NA,NA,NA,NA
14. Women with 10 or more years of schooling (%),31.2,34.7,28.4,32.9,54,24.1,39.7,28.2,35.5,34.7,35.8,53.1,30.1,38.8,42.5,22.3,30,25.5,28.5,29.4,32.7,56.6,32.3,41.7,20.2,24.9,28.8,30.8,34.9,39,NA,NA,NA,NA,NA,NA,NA,NA,NA,NA,NA,NA,NA,NA,NA,NA,NA,NA,NA,NA,NA,NA,NA,NA,NA,NA,NA,NA,NA,NA
15. Women age 20-24 years married before age 18 years (%),25.1,22.8,30.2,29,25.3,35.5,29.8,37.2,30.3,33.3,30.2,26.4,35.9,31.9,39.6,38.7,39.1,46.6,44.5,35.3,38.5,20.5,34.2,27.9,44.5,42.9,26.8,29.6,32.5,25.9,NA,NA,NA,NA,NA,NA,NA,NA,NA,NA,NA,NA,NA,NA,NA,NA,NA,NA,NA,NA,NA,NA,NA,NA,NA,NA,NA,NA,NA,NA
16. Men age 25-29 years married before age 21 years (%),NA,NA,NA,NA,NA,NA,NA,NA,NA,NA,NA,NA,NA,NA,NA,NA,NA,NA,NA,NA,NA,NA,NA,NA,NA,NA,NA,NA,NA,NA,*,*,*,*,*,*,*,*,*,*,*,*,*,*,*,*,*,*,*,*,*,*,*,*,*,*,*,*,*,*
17. Women age 15-19 years who were already mothers or pregnant at the time of the survey (%),14,11.7,19.4,17.8,8.8,10.5,9.5,10.6,12.8,8.2,7.9,4.6,11.4,8.9,8.9,17,13.6,21.7,17.1,9.7,11.8,2.9,15.9,10.4,15.4,12.9,3.9,5.2,14,14.7,NA,NA,NA,NA,NA,NA,NA,NA,NA,NA,NA,NA,NA,NA,NA,NA,NA,NA,NA,NA,NA,NA,NA,NA,NA,NA,NA,NA,NA,NA
18. Any method (%),69.5,67.7,70.8,71.6,74.3,63.8,69.2,73.5,72.2,76.5,76.7,74.5,74.9,74.8,71.9,75.2,74,72.2,70.9,70.9,71,57.4,60.5,59.4,67.3,65.9,65.4,65.3,61.3,59.7,NA,NA,NA,NA,NA,NA,NA,NA,NA,NA,NA,NA,NA,NA,NA,NA,NA,NA,NA,NA,NA,NA,NA,NA,NA,NA,NA,NA,NA,NA
19. Any modern method (%),69.5,67.5,70.8,71.6,73.9,63.8,69,73.5,72.2,76.5,76.7,74.5,74.9,74.8,71.1,74.9,73.5,72.2,70.9,70.9,71,57.1,60.5,59.2,67.3,65.9,65.4,65.3,61.3,59.5,NA,NA,NA,NA,NA,NA,NA,NA,NA,NA,NA,NA,NA,NA,NA,NA,NA,NA,NA,NA,NA,NA,NA,NA,NA,NA,NA,NA,NA,NA
20. Female sterilization (%),68.5,66.1,69.2,70,70,62,66.1,73,70.1,75.8,75.7,70.7,74.6,73.2,69.6,74.9,72.9,71.9,70.3,70.9,70.7,55.4,60.5,58.6,67.3,65.9,64.9,65,60.9,58.3,NA,NA,NA,NA,NA,NA,NA,NA,NA,NA,NA,NA,NA,NA,NA,NA,NA,NA,NA,NA,NA,NA,NA,NA,NA,NA,NA,NA,NA,NA
21. Male sterilization (%),0.4,0.7,1.6,1.4,2.8,1.8,2.3,0.5,1.5,0,0,1.6,0.3,0.8,0,0,0,0,0,0,0,0.6,0,0.2,0,0,0,0,0,0,NA,NA,NA,NA,NA,NA,NA,NA,NA,NA,NA,NA,NA,NA,NA,NA,NA,NA,NA,NA,NA,NA,NA,NA,NA,NA,NA,NA,NA,NA
22. IUD/PPIUD (%),0,0.2,0,0.2,0.5,0,0.3,0,0,0.5,0.5,0.2,0,0.1,0.6,0,0.2,0.2,0.2,0,0.2,0.5,0,0.2,0,0,0,0,0.2,0.7,NA,NA,NA,NA,NA,NA,NA,NA,NA,NA,NA,NA,NA,NA,NA,NA,NA,NA,NA,NA,NA,NA,NA,NA,NA,NA,NA,NA,NA,NA
23. Pill (%),0,0,0,0,0.7,0,0.4,0,0.2,0.2,0.2,0.2,0,0.1,0.6,0,0.2,0,0.2,0,0,0.6,0,0.2,0,0,0.2,0.2,0.2,0.4,NA,NA,NA,NA,NA,NA,NA,NA,NA,NA,NA,NA,NA,NA,NA,NA,NA,NA,NA,NA,NA,NA,NA,NA,NA,NA,NA,NA,NA,NA
24. Condom (%),0.4,0.3,0,0,0,0,0,0,0.3,0,0.2,1.7,0,0.6,0.3,0,0.1,0.2,0.3,0,0,0,0,0,0,0,0,0,0,0.2,NA,NA,NA,NA,NA,NA,NA,NA,NA,NA,NA,NA,NA,NA,NA,NA,NA,NA,NA,NA,NA,NA,NA,NA,NA,NA,NA,NA,NA,NA
25. Total unmet need (%),6.6,6.7,3.4,3.3,4.9,6.3,5.5,2.1,3.4,3.7,3.4,6.4,3.7,4.6,7.4,5.4,6.1,3.9,4.7,3,3.2,8.5,3.6,5.5,4.6,4.7,4.1,5.2,3.3,4.2,NA,NA,NA,NA,NA,NA,NA,NA,NA,NA,NA,NA,NA,NA,NA,NA,NA,NA,NA,NA,NA,NA,NA,NA,NA,NA,NA,NA,NA,NA
26. Unmet need for spacing (%),5.4,5,1.8,1.9,2.7,3.8,3.2,1,1.5,2,1.8,4.5,3,3.5,4.6,4.7,4.7,3.2,3.2,2.1,1.8,5.9,1.9,3.4,3.6,4,2.7,3.9,1.7,2.7,NA,NA,NA,NA,NA,NA,NA,NA,NA,NA,NA,NA,NA,NA,NA,NA,NA,NA,NA,NA,NA,NA,NA,NA,NA,NA,NA,NA,NA,NA
27. Health worker ever talked to female non-users about family planning5 (%),16.2,15.7,24.4,24,16.1,14.9,15.5,22,20.6,10.5,8.9,12.5,22.1,18.1,18.1,36.4,28.7,20,17.9,22.5,19.3,24.8,23.4,24,21.9,23,26.1,26.9,9.9,13.6,NA,NA,NA,NA,NA,NA,NA,NA,NA,NA,NA,NA,NA,NA,NA,NA,NA,NA,NA,NA,NA,NA,NA,NA,NA,NA,NA,NA,NA,NA
28. Current users ever told about side effects of current method (%),18.8,17.8,48.5,46.1,17.2,41.9,28.6,31,30,21.5,22.4,4.1,8,6.5,45.2,20.7,30.7,19.1,22.9,25,22.2,31.9,15,20.8,24.6,23.3,20.1,23.1,19.6,28.7,NA,NA,NA,NA,NA,NA,NA,NA,NA,NA,NA,NA,NA,NA,NA,NA,NA,NA,NA,NA,NA,NA,NA,NA,NA,NA,NA,NA,NA,NA
29. Mothers who had antenatal check-up in the first trimester (%),80.3,82.2,79.4,79.8,79,78.3,78.6,83.8,85.5,84.4,84.5,90.9,87.9,89,85.9,80.1,82.4,71.8,73.5,86.9,87.7,95,87.9,90.4,79.1,80.7,82.8,86.2,65.3,72,NA,NA,NA,NA,NA,NA,NA,NA,NA,NA,NA,NA,NA,NA,NA,NA,NA,NA,NA,NA,NA,NA,NA,NA,NA,NA,NA,NA,NA,NA
30. Mothers who had at least 4 antenatal care visits (%),72.6,72.7,67.9,70.4,88.7,78.4,82.5,74.9,77.2,70.6,71.5,83.8,90.9,88.2,64.7,70.6,68.4,73.7,73.7,82,85.8,78.2,86.4,83.5,68.8,71.7,74.6,77.5,70.8,70.4,NA,NA,NA,NA,NA,NA,NA,NA,NA,NA,NA,NA,NA,NA,NA,NA,NA,NA,NA,NA,NA,NA,NA,NA,NA,NA,NA,NA,NA,NA
31. Mothers whose last birth was protected against neonatal tetanus6 (%),99.4,99.4,92,93.7,96.4,96,96.2,95.6,94.6,88.6,89.9,97.4,100,99,95.5,94,94.6,98.3,97,97.1,95.5,96.9,98.3,97.8,93.4,94.4,88.9,88.9,94.5,94.7,NA,NA,NA,NA,NA,NA,NA,NA,NA,NA,NA,NA,NA,NA,NA,NA,NA,NA,NA,NA,NA,NA,NA,NA,NA,NA,NA,NA,NA,NA
32. Mothers who consumed iron folic acid for 100 days or more when they were pregnant (%),64.3,65.7,49.7,55,47.9,61.9,56.3,58,56.6,41.7,44.8,76,66.5,70.1,29.3,41.2,36.7,52.4,48.2,69.4,67.3,57.1,57.3,57.2,51.2,52.9,60.9,59.6,62.2,64.1,NA,NA,NA,NA,NA,NA,NA,NA,NA,NA,NA,NA,NA,NA,NA,NA,NA,NA,NA,NA,NA,NA,NA,NA,NA,NA,NA,NA,NA,NA
33. Mothers who had full antenatal care7 (%),41.6,42.1,37.2,42.5,41.8,46.8,44.8,43.6,44.1,28.3,31.3,64.1,58.6,60.7,25.5,37,32.6,41.3,38.2,56,55.7,49.4,52.7,51.5,35.1,37.3,46.7,47,45.8,45.3,NA,NA,NA,NA,NA,NA,NA,NA,NA,NA,NA,NA,NA,NA,NA,NA,NA,NA,NA,NA,NA,NA,NA,NA,NA,NA,NA,NA,NA,NA
34. Registered pregnancies for which the mother received Mother and Child Protection (MCP) card (%),97.1,96.9,91.5,91.1,92.9,94.6,94,93.6,90.8,92.1,92.1,91.3,98.8,96.3,85.9,98.5,93.9,88.2,86.9,92.3,92.5,87.2,94.9,92.4,94.7,93.1,95,93.5,93.4,90.7,NA,NA,NA,NA,NA,NA,NA,NA,NA,NA,NA,NA,NA,NA,NA,NA,NA,NA,NA,NA,NA,NA,NA,NA,NA,NA,NA,NA,NA,NA
35. Mothers who received postnatal care from a doctor/nurse/LHV/ANM/midwife/other health personnel within 2 days of delivery (%),88.6,89.5,80.7,77.3,80.7,69.5,74,79.9,83,86.2,86.3,98.3,88.9,92.5,79.1,81.9,80.8,73.3,75.9,81.7,83.2,75.3,66.1,69.3,64.2,67,79,80.7,77.4,82,NA,NA,NA,NA,NA,NA,NA,NA,NA,NA,NA,NA,NA,NA,NA,NA,NA,NA,NA,NA,NA,NA,NA,NA,NA,NA,NA,NA,NA,NA
36. Mothers who received financial assistance under Janani Suraksha Yojana (JSY) for births delivered in an institution (%),25.5,23.9,31.9,26.6,14.9,28.9,22.5,9.6,8.8,20.7,19.9,10.2,23.6,18.4,12.8,32.3,24.7,10.8,12,8.3,6.1,9.5,17,14.4,16,13.8,12.5,9.4,37.1,29.9,NA,NA,NA,NA,NA,NA,NA,NA,NA,NA,NA,NA,NA,NA,NA,NA,NA,NA,NA,NA,NA,NA,NA,NA,NA,NA,NA,NA,NA,NA
37. Average out of pocket expenditure per delivery in public health facility (Rs.),3086,2938,1854,2015,NA,1723,2143,1783,1843,3296,3118,NA,2675,2183,NA,1340,1267,1541,1616,2069,2436,NA,3503,3001,1191,1310,3766,3509,1503,1686,NA,NA,NA,NA,*,NA,NA,NA,NA,NA,NA,*,NA,NA,*,NA,NA,NA,NA,NA,NA,*,NA,NA,NA,NA,NA,NA,NA,NA
38. Children born at home who were taken to a health facility for check-up within 24 hours of birth (%),NA,NA,NA,NA,NA,NA,NA,NA,NA,NA,NA,NA,NA,NA,NA,NA,NA,NA,NA,NA,NA,NA,NA,NA,5.6,4.9,NA,NA,NA,NA,*,*,*,*,*,*,*,*,*,*,*,*,*,*,*,*,*,*,*,*,*,*,*,*,NA,NA,*,*,*,*
39. Children who received postnatal care from a doctor/nurse/LHV/ANM/midwife/other health personnel within 2 days of delivery (%),22.5,23.3,32,29.2,48.6,36,41.1,53.8,53.7,17.5,20.7,32.5,8.9,17.9,29.6,34,32.3,22.5,22,30.8,25.9,10.6,32.9,25.1,21.4,21.6,22.4,21.6,20.8,27,NA,NA,NA,NA,NA,NA,NA,NA,NA,NA,NA,NA,NA,NA,NA,NA,NA,NA,NA,NA,NA,NA,NA,NA,NA,NA,NA,NA,NA,NA
40. Institutional births (%),90.2,91.2,89,90.7,97.7,77.4,85.5,96.7,96.9,96.9,97.2,99,95,96.4,99,96.5,97.5,90.4,91.4,96.4,96,92.3,94.4,93.7,70.2,75.5,86.6,89.9,92.7,94,NA,NA,NA,NA,NA,NA,NA,NA,NA,NA,NA,NA,NA,NA,NA,NA,NA,NA,NA,NA,NA,NA,NA,NA,NA,NA,NA,NA,NA,NA
41. Institutional births in public facility (%),43.7,42.3,54.3,50.7,39,51.5,46.5,42.3,41.6,25.5,27.3,33.9,38.4,36.8,25.6,41.5,35.2,27.7,29.2,25.9,26.3,17.1,29.8,25.5,32.6,36,47.9,46.9,61.7,53,NA,NA,NA,NA,NA,NA,NA,NA,NA,NA,NA,NA,NA,NA,NA,NA,NA,NA,NA,NA,NA,NA,NA,NA,NA,NA,NA,NA,NA,NA
42. Home delivery conducted by skilled health personnel (out of total deliveries) (%),7.1,6.4,5.8,5.1,0,3.1,1.9,2.2,2.2,1.3,1.1,0,3.1,2,0,0,0,5.8,5,2.1,2.8,4.5,3.3,3.7,12.7,10.7,5.4,4.4,1.3,1.4,NA,NA,NA,NA,NA,NA,NA,NA,NA,NA,NA,NA,NA,NA,NA,NA,NA,NA,NA,NA,NA,NA,NA,NA,NA,NA,NA,NA,NA,NA
43. Births assisted by a doctor/nurse/LHV/ANM/other health personnel (%),97.3,97.6,94.4,95.4,97.7,73,82.8,91.9,91.7,92.5,93.3,94.4,95.5,95.1,96.4,95.4,95.8,95.5,95.7,97.8,98.4,93.9,96.9,95.9,82.8,86.2,84.2,89.1,86,87.9,NA,NA,NA,NA,NA,NA,NA,NA,NA,NA,NA,NA,NA,NA,NA,NA,NA,NA,NA,NA,NA,NA,NA,NA,NA,NA,NA,NA,NA,NA
44. Births delivered by caesarean section (%),36.8,41.4,28.6,34.9,49.2,26.8,35.7,41.1,44.6,60.1,60.8,51.3,50.5,50.8,54.4,49,51.1,38.5,38.4,48.6,51.3,36.6,26.9,30.2,24.1,27.6,19.4,27.6,31.1,32.9,NA,NA,NA,NA,NA,NA,NA,NA,NA,NA,NA,NA,NA,NA,NA,NA,NA,NA,NA,NA,NA,NA,NA,NA,NA,NA,NA,NA,NA,NA
45. Births in a private health facility delivered by caesarean section (%),51.1,55.5,51.2,58.3,63.3,56.3,60.5,58.5,63.9,71.5,71.7,65.7,66.6,66.2,58.3,57.7,58,50.6,50.7,55.5,57.9,44.5,38.1,40.5,52,51.9,36.5,48.9,59.2,53.7,NA,NA,NA,NA,NA,NA,NA,NA,NA,NA,NA,NA,NA,NA,NA,NA,NA,NA,NA,NA,NA,NA,NA,NA,NA,NA,NA,NA,NA,NA
46. Births in a public health facility delivered by caesarean section (%),29.7,33.7,19.9,22.8,30.9,23.7,26.1,21.9,22.2,35.8,38.9,25.3,33.2,30.6,45.3,41.6,42.6,24.1,23.5,36.8,41.7,NA,7.6,10,13.8,19.8,11,14.1,20.6,20.6,NA,NA,NA,NA,NA,NA,NA,NA,NA,NA,NA,NA,NA,NA,NA,NA,NA,NA,NA,NA,NA,*,NA,NA,NA,NA,NA,NA,NA,NA
47. Children age 12-23 months fully immunized (BCG measles and 3 doses each of polio/DPT) (%),55.7,59.2,50.6,49.3,NA,NA,66,58.2,60.3,84.7,77.7,NA,NA,74.1,NA,NA,61.7,61.7,64,NA,47.7,64.6,65.8,65.3,69.6,66.1,76.4,76.3,74.1,67.7,NA,NA,NA,NA,*,*,NA,NA,NA,NA,NA,*,*,NA,*,*,NA,NA,NA,*,NA,NA,NA,NA,NA,NA,NA,NA,NA,NA
48. Children age 12-23 months who have received BCG (%),100,100,100,100,NA,NA,100,96,96.7,96.2,97,NA,NA,100,NA,NA,94.3,97.2,97.7,NA,86.3,100,100,100,96.5,95.5,97.1,98.3,97.2,98,NA,NA,NA,NA,*,*,NA,NA,NA,NA,NA,*,*,NA,*,*,NA,NA,NA,*,NA,NA,NA,NA,NA,NA,NA,NA,NA,NA
49. Children age 12-23 months who have received 3 doses of polio vaccine (%),66.1,68.4,59.6,60.3,NA,NA,76,70.1,70.3,84.7,77.7,NA,NA,74.1,NA,NA,70.4,66.8,68.3,NA,61.1,67.2,72.9,70.5,80.1,73.7,88.2,83.2,77.1,74.6,NA,NA,NA,NA,*,*,NA,NA,NA,NA,NA,*,*,NA,*,*,NA,NA,NA,*,NA,NA,NA,NA,NA,NA,NA,NA,NA,NA
50. Children age 12-23 months who have received 3 doses of DPT vaccine (%),86.9,88.5,94.3,88.1,NA,NA,93.3,75.5,77.2,96.2,97,NA,NA,97.2,NA,NA,86.2,91.9,89,NA,73.4,92.9,96,94.7,94.8,90.1,94.5,94.7,88.5,87.6,NA,NA,NA,NA,*,*,NA,NA,NA,NA,NA,*,*,NA,*,*,NA,NA,NA,*,NA,NA,NA,NA,NA,NA,NA,NA,NA,NA
51. Children age 12-23 months who have received measles vaccine (%),87.4,88.9,91,92.6,NA,NA,89.3,81.7,82.4,92.5,94.2,NA,NA,100,NA,NA,87.7,92.1,93.4,NA,66.9,94.8,92.9,93.7,91.2,89.7,85.2,89.2,94.2,91.1,NA,NA,NA,NA,*,*,NA,NA,NA,NA,NA,*,*,NA,*,*,NA,NA,NA,*,NA,NA,NA,NA,NA,NA,NA,NA,NA,NA
52. Children age 12-23 months who have received 3 doses of Hepatitis B vaccine (%),63.6,66.1,59.6,56.7,NA,NA,76.5,59.5,59.1,73.2,68.6,NA,NA,80.8,NA,NA,68.9,53.9,57.6,NA,54.9,72.7,80.9,77.4,80.2,73.7,81.9,79.5,74.1,65.1,NA,NA,NA,NA,*,*,NA,NA,NA,NA,NA,*,*,NA,*,*,NA,NA,NA,*,NA,NA,NA,NA,NA,NA,NA,NA,NA,NA
53. Children age 9-59 months who received a vitamin A dose in last 6 months (%),89.6,89.7,74.9,78.5,81,50,63.1,79,80.4,72.2,73.9,54,55.4,54.9,90.9,80.5,84.9,70.3,71.4,57.5,62.9,72.2,86.9,81.7,73.5,70.7,60.8,57.4,76,75.2,NA,NA,NA,NA,NA,NA,NA,NA,NA,NA,NA,NA,NA,NA,NA,NA,NA,NA,NA,NA,NA,NA,NA,NA,NA,NA,NA,NA,NA,NA
54. Children age 12-23 months who received most of the vaccinations in public health facility (%),100,100,97.5,94.3,NA,NA,92.3,84,79.6,92.3,85.2,NA,NA,97.2,NA,NA,90.7,100,100,NA,86.2,85.5,92.3,89.4,98.2,94.8,94,94.2,100,91.3,NA,NA,NA,NA,*,*,NA,NA,NA,NA,NA,*,*,NA,*,*,NA,NA,NA,*,NA,NA,NA,NA,NA,NA,NA,NA,NA,NA
55. Children age 12-23 months who received most of the vaccinations in private health facility (%),0,0,2.5,5.7,NA,NA,7.7,16,20.4,7.7,14.8,NA,NA,2.8,NA,NA,9.3,0,0,NA,13.9,14.5,7.7,10.6,1.8,5.3,6,5.8,0,8.7,NA,NA,NA,NA,*,*,NA,NA,NA,NA,NA,*,*,NA,*,*,NA,NA,NA,*,NA,NA,NA,NA,NA,NA,NA,NA,NA,NA
56. Prevalence of diarrhoea (reported) in the last 2 weeks preceding the survey (%),6.6,5.9,7.5,7.2,4.4,11.9,8.8,11.9,12.3,5.8,6.6,3.4,7.2,5.9,10.5,9.2,9.7,12.6,11.3,1.7,1.2,6.3,6.4,6.4,2.5,2.5,3.1,4.4,2.7,2.8,NA,NA,NA,NA,NA,NA,NA,NA,NA,NA,NA,NA,NA,NA,NA,NA,NA,NA,NA,NA,NA,NA,NA,NA,NA,NA,NA,NA,NA,NA
57. Children with diarrhoea in the last 2 weeks who received oral rehydration salts (ORS) (%),NA,NA,NA,NA,NA,NA,NA,NA,52.3,NA,NA,NA,NA,NA,NA,NA,NA,58.9,56.9,NA,NA,NA,NA,NA,NA,NA,NA,NA,NA,NA,*,*,*,*,*,*,*,*,NA,*,*,*,*,*,*,*,*,NA,NA,*,*,*,*,*,*,*,*,*,*,*
58. Children with diarrhoea in the last 2 weeks who received zinc (%),NA,NA,NA,NA,NA,NA,NA,NA,13.2,NA,NA,NA,NA,NA,NA,NA,NA,41.2,43.2,NA,NA,NA,NA,NA,NA,NA,NA,NA,NA,NA,*,*,*,*,*,*,*,*,NA,*,*,*,*,*,*,*,*,NA,NA,*,*,*,*,*,*,*,*,*,*,*
59. Children with diarrhoea in the last 2 weeks taken to a health facility (%),NA,NA,NA,NA,NA,NA,NA,NA,81.4,NA,NA,NA,NA,NA,NA,NA,NA,82.1,82.7,NA,NA,NA,NA,NA,NA,NA,NA,NA,NA,NA,*,*,*,*,*,*,*,*,NA,*,*,*,*,*,*,*,*,NA,NA,*,*,*,*,*,*,*,*,*,*,*
60. Prevalence of symptoms of acute respiratory infection (ARI) in the last 2 weeks preceding the survey (%),0.5,0.4,0.9,1.2,0,0,0,1.3,1,0,0.8,3.5,0,1.3,0,0,0,0.9,0.7,0,0,1.7,1.6,1.6,0,0,0,0.4,0,0,NA,NA,NA,NA,NA,NA,NA,NA,NA,NA,NA,NA,NA,NA,NA,NA,NA,NA,NA,NA,NA,NA,NA,NA,NA,NA,NA,NA,NA,NA
61. Children with fever or symptoms of ARI in the last 2 weeks preceding the survey taken to a health facility (%),87.6,88.1,NA,84.3,NA,NA,NA,NA,NA,NA,NA,NA,NA,NA,NA,NA,NA,63.7,66.2,NA,NA,NA,NA,83.7,NA,NA,NA,NA,NA,NA,NA,NA,*,NA,*,*,*,*,*,*,*,*,*,*,*,*,*,NA,NA,*,*,*,*,NA,*,*,*,*,*,*
62. Children under age 3 years breastfed within one hour of birth8 (%),26.5,27.5,40,40.2,46.4,66.3,58.8,38.7,42.9,30.6,34.2,31,40.9,37.7,41.7,45.8,44.3,29.2,30.9,32.1,29.3,55.4,30.4,39.3,30.7,32,53.2,51.3,44.6,45.6,NA,NA,NA,NA,NA,NA,NA,NA,NA,NA,NA,NA,NA,NA,NA,NA,NA,NA,NA,NA,NA,NA,NA,NA,NA,NA,NA,NA,NA,NA
63. Children under age 6 months exclusively breastfed9 (%),NA,NA,NA,62.3,NA,NA,NA,NA,NA,NA,NA,NA,NA,NA,NA,NA,NA,NA,NA,NA,71.7,NA,NA,76.8,NA,88.9,NA,NA,NA,NA,*,*,*,NA,*,*,*,*,*,*,*,*,*,*,*,*,*,*,*,*,NA,*,*,NA,*,NA,*,*,*,*
64. Children age 6-8 months receiving solid or semi-solid food and breastmilk9 (%),NA,NA,NA,NA,NA,NA,NA,NA,NA,NA,NA,NA,NA,NA,NA,NA,NA,NA,NA,NA,NA,NA,NA,NA,NA,NA,NA,NA,NA,NA,*,*,*,*,*,*,*,*,*,*,*,*,*,*,*,*,*,*,*,*,*,*,*,*,*,*,*,*,*,*
65. Breastfeeding children age 6-23 months receiving an adequate diet9 10 (%),4.1,4.9,6.7,7.2,NA,NA,6.1,5.2,6.3,3.9,3.6,NA,8.7,7.4,NA,NA,11.8,8.5,7.4,5,4.1,2.6,7.1,5.2,0,0,17.7,16.3,0,3.7,NA,NA,NA,NA,*,*,NA,NA,NA,NA,NA,*,NA,NA,*,*,NA,NA,NA,NA,NA,NA,NA,NA,NA,NA,NA,NA,NA,NA
66. Non-breastfeeding children age 6-23 months receiving an adequate diet9 10 (%),NA,NA,NA,NA,NA,NA,NA,NA,NA,NA,NA,NA,NA,NA,NA,NA,NA,NA,NA,NA,NA,NA,NA,NA,NA,NA,NA,NA,NA,NA,*,*,*,*,*,*,*,*,*,*,*,*,*,*,*,*,*,*,*,*,*,*,*,*,*,*,*,*,*,*
67. Total children age 6-23 months receiving an adequate diet9 10 (%),3.1,3.8,8.7,10.5,NA,6.4,10.2,4.2,6.7,2.8,2.4,NA,7.9,6.2,6,14.2,10.9,11.4,11.3,8.5,8.7,3.6,9.3,6.7,0,1.4,18.7,16.4,1.7,4.4,NA,NA,NA,NA,*,NA,NA,NA,NA,NA,NA,NA,NA,NA,NA,NA,NA,NA,NA,NA,NA,NA,NA,NA,NA,NA,NA,NA,NA,NA
68. Children under 5 years who are stunted11 (%),28.1,28,42,36.8,20.3,36.8,30.1,29.7,27.7,26.8,28.5,20.2,23.8,22.6,19.9,23.4,22.1,27.8,28.2,32,29.4,34.3,37.4,36.3,44.7,44.1,38.7,40.3,31.7,31.4,NA,NA,NA,NA,NA,NA,NA,NA,NA,NA,NA,NA,NA,NA,NA,NA,NA,NA,NA,NA,NA,NA,NA,NA,NA,NA,NA,NA,NA,NA
69. Children under 5 years who are wasted11 (%),15,15.6,19.4,18.8,20.4,15,17.2,16.9,15.3,14.3,14.7,8.3,27.1,20.7,15.3,19.5,17.9,16.8,15.3,18.2,16.9,17.9,18,17.9,18.2,18.8,16.3,15.2,16.3,18.1,NA,NA,NA,NA,NA,NA,NA,NA,NA,NA,NA,NA,NA,NA,NA,NA,NA,NA,NA,NA,NA,NA,NA,NA,NA,NA,NA,NA,NA,NA
70. Children under 5 years who are severely wasted12 (%),4.3,3.9,5.7,4.7,1.8,1.3,1.5,3.8,3,3.6,3.2,1.3,7,5.1,8.7,10.4,9.8,3.2,3.6,3.3,4.3,9.3,3.9,5.8,3.8,4.7,4.6,4.5,3.2,4.6,NA,NA,NA,NA,NA,NA,NA,NA,NA,NA,NA,NA,NA,NA,NA,NA,NA,NA,NA,NA,NA,NA,NA,NA,NA,NA,NA,NA,NA,NA
71. Children under 5 years who are underweight11 (%),29.8,28.7,37.8,34.4,25.1,38.7,33.1,28.2,27.1,29.1,30.1,15.1,34.2,27.7,21.5,33.7,29.1,29.1,30.3,31.5,28.7,33.8,34.8,34.4,35.6,37.5,38.7,39.3,33.6,32.4,NA,NA,NA,NA,NA,NA,NA,NA,NA,NA,NA,NA,NA,NA,NA,NA,NA,NA,NA,NA,NA,NA,NA,NA,NA,NA,NA,NA,NA,NA
72. Women whose Body Mass Index (BMI) is below normal (BMI <18.5 kg/m2) (%),22.7,20.5,29.7,25.8,10.6,27.6,18.9,18.2,15.9,16.3,14.5,11,14.9,13.5,9.3,12.6,11.3,17.9,16.9,18.8,17,13.1,22,18.7,23.7,21.6,24.5,20.2,23.6,21,NA,NA,NA,NA,NA,NA,NA,NA,NA,NA,NA,NA,NA,NA,NA,NA,NA,NA,NA,NA,NA,NA,NA,NA,NA,NA,NA,NA,NA,NA
73. Men whose Body Mass Index (BMI) is below normal (BMI <18.5 kg/m2) (%),18.8,15.2,25.5,19.4,10.4,14.2,12.1,15.2,12.8,16.6,15.3,5.7,16.1,12.4,12.5,17.4,15.4,12.7,13.4,12.9,17.5,14.6,8.8,11.3,15.6,13.6,21.4,20.2,19.2,16.8,NA,NA,NA,NA,NA,NA,NA,NA,NA,NA,NA,NA,NA,NA,NA,NA,NA,NA,NA,NA,NA,NA,NA,NA,NA,NA,NA,NA,NA,NA
74. Women who are overweight or obese (BMI >=25.0 kg/m2) (%),21,24.4,16,22.4,41.6,15.3,28.8,32.2,36.4,36.9,40,53.9,40.9,45.5,55.2,38.8,45.1,29.3,32.5,30.2,35,39.6,19.6,27,20.3,24.9,20.1,26.5,22.2,28.5,NA,NA,NA,NA,NA,NA,NA,NA,NA,NA,NA,NA,NA,NA,NA,NA,NA,NA,NA,NA,NA,NA,NA,NA,NA,NA,NA,NA,NA,NA
75. Men who are overweight or obese (BMI >=25.0 kg/m2) (%),12.4,18.9,28,32.1,40.2,14.8,29,24.7,28,39.5,41.3,61.3,38.6,46.6,48.1,32.8,39,34.8,33.6,28.2,32,52.1,32,40.8,26.7,31.7,20.2,28.8,25.6,30.8,NA,NA,NA,NA,NA,NA,NA,NA,NA,NA,NA,NA,NA,NA,NA,NA,NA,NA,NA,NA,NA,NA,NA,NA,NA,NA,NA,NA,NA,NA
76. Children age 6-59 months who are anaemic (<11.0 g/dl) (%),73,70.6,80.9,78.7,57.4,68.5,64.5,65.7,63.1,55.5,55.1,43.8,64,58.1,52.2,78.9,68.1,57.8,56.3,49.8,50.4,52.1,57.7,55.8,54.9,54.5,51,53,46.4,46.6,NA,NA,NA,NA,NA,NA,NA,NA,NA,NA,NA,NA,NA,NA,NA,NA,NA,NA,NA,NA,NA,NA,NA,NA,NA,NA,NA,NA,NA,NA
77. Non-pregnant women age 15-49 years who are anaemic (<12.0 g/dl) (%),71.9,72.1,77.5,75.7,63.4,69.9,66.6,69.9,64.9,62.1,60.3,58.9,60.1,59.7,54,62,59,59.6,57.7,59.1,59.1,54.9,59.2,57.6,53.5,54.6,49.8,52.8,48.2,48.4,NA,NA,NA,NA,NA,NA,NA,NA,NA,NA,NA,NA,NA,NA,NA,NA,NA,NA,NA,NA,NA,NA,NA,NA,NA,NA,NA,NA,NA,NA
78. Pregnant women age 15-49 years who are anaemic (<11.0 g/dl) (%),NA,NA,NA,NA,NA,NA,NA,NA,56.2,NA,NA,NA,NA,NA,NA,NA,33.6,55.5,57.9,NA,59.2,NA,NA,59.4,50.1,51.8,NA,NA,NA,58.8,*,*,*,*,*,*,*,*,NA,*,*,*,*,*,*,*,NA,NA,NA,*,NA,*,*,NA,NA,NA,*,*,*,NA
79. All women age 15-49 years who are anaemic (%),71.8,71.8,77.1,75.5,63,69.9,66.4,69.1,64.6,61.5,59.9,58.3,60,59.4,53.5,60.5,57.9,59.4,57.7,59.3,59.1,55.2,59.2,57.7,53.3,54.5,49.7,52.7,48.1,48.8,NA,NA,NA,NA,NA,NA,NA,NA,NA,NA,NA,NA,NA,NA,NA,NA,NA,NA,NA,NA,NA,NA,NA,NA,NA,NA,NA,NA,NA,NA
80. Men age 15-49 years who are anaemic (<13.0 g/dl) (%),28.3,29.3,45.4,44.3,17.9,41.4,28.2,47.6,34.3,18.6,19.2,15.9,26.1,22.6,18.5,29.3,24.9,28.5,23.4,35.7,41.3,9.9,25.4,18.6,27.1,26.6,21.7,22.6,24.1,20.3,NA,NA,NA,NA,NA,NA,NA,NA,NA,NA,NA,NA,NA,NA,NA,NA,NA,NA,NA,NA,NA,NA,NA,NA,NA,NA,NA,NA,NA,NA
81. Blood sugar level - high (>140 mg/dl) (%),7.7,8.3,6.1,7.4,9,4,6.6,4.6,7.1,6.1,7.6,14.9,11.2,12.5,12.1,7.7,9.3,7,8.2,9.5,9.5,10.3,7.3,8.4,5.1,5.2,5.6,6.9,8.1,9,NA,NA,NA,NA,NA,NA,NA,NA,NA,NA,NA,NA,NA,NA,NA,NA,NA,NA,NA,NA,NA,NA,NA,NA,NA,NA,NA,NA,NA,NA
82. Blood sugar level - very high (>160 mg/dl) (%),2.8,3.5,2.8,4.1,5.9,3.1,4.6,3.1,4.8,4.2,4.9,8.2,7.6,7.8,5.8,5.4,5.6,5.1,5.4,5.9,5.7,6.1,3.7,4.6,2.5,2.5,2.8,3.7,5,5.8,NA,NA,NA,NA,NA,NA,NA,NA,NA,NA,NA,NA,NA,NA,NA,NA,NA,NA,NA,NA,NA,NA,NA,NA,NA,NA,NA,NA,NA,NA
83. Blood sugar level - high (>140 mg/dl) (%),10.1,12.4,8.7,12,3.5,12.3,7.4,10.4,12.9,6.7,9.9,10.9,1.8,4.9,18.1,19.6,19,5.5,5,7.3,6.3,17.3,19,18.2,1,2.4,10.6,8.9,9.1,8.9,NA,NA,NA,NA,NA,NA,NA,NA,NA,NA,NA,NA,NA,NA,NA,NA,NA,NA,NA,NA,NA,NA,NA,NA,NA,NA,NA,NA,NA,NA
84. Blood sugar level - very high (>160 mg/dl) (%),5,5,7.9,9.8,3.5,2,2.9,7.9,9.4,4.1,6.8,5.3,1.8,3,11.9,10.6,11.1,4.1,2.9,2.8,3.1,9.3,13.7,11.8,0,1.7,4.8,5.1,3,4.7,NA,NA,NA,NA,NA,NA,NA,NA,NA,NA,NA,NA,NA,NA,NA,NA,NA,NA,NA,NA,NA,NA,NA,NA,NA,NA,NA,NA,NA,NA
85. Slightly above normal (Systolic 140-159 mm of Hg and/or Diastolic 90-99 mm of Hg) (%),4.1,4.9,5.5,6.4,8.1,6,7.1,9,9,7.5,6.9,8.8,9.2,9.1,8.4,8.9,8.7,5.9,6.7,8.1,8.8,7.4,5.7,6.3,8.1,7.6,8.3,9.2,5.1,6.1,NA,NA,NA,NA,NA,NA,NA,NA,NA,NA,NA,NA,NA,NA,NA,NA,NA,NA,NA,NA,NA,NA,NA,NA,NA,NA,NA,NA,NA,NA
86. Moderately high (Systolic 160-179 mm of Hg and/or Diastolic 100-109 mm of Hg) (%),0.8,1.1,1.8,1.7,2.2,1.1,1.7,2.7,2.7,2.2,2.4,2,1.2,1.5,1.6,1.5,1.6,1.1,1,1.7,1.7,1.3,0.7,0.9,0.9,1.5,1.9,1.8,1.3,1.6,NA,NA,NA,NA,NA,NA,NA,NA,NA,NA,NA,NA,NA,NA,NA,NA,NA,NA,NA,NA,NA,NA,NA,NA,NA,NA,NA,NA,NA,NA
87. Very high (Systolic ?180 mm of Hg and/or Diastolic ?110 mm of Hg) (%),1,0.9,0.5,0.4,1.3,1.6,1.4,0.6,0.6,0.9,0.9,0.3,0.7,0.6,1.3,0.6,0.9,0.7,0.5,0.9,1.1,0.3,0.3,0.3,0.9,0.8,0.6,0.9,0.2,0.1,NA,NA,NA,NA,NA,NA,NA,NA,NA,NA,NA,NA,NA,NA,NA,NA,NA,NA,NA,NA,NA,NA,NA,NA,NA,NA,NA,NA,NA,NA
88. Slightly above normal (Systolic 140-159 mm of Hg and/or Diastolic 90-99 mm of Hg) (%),10.3,11,15.9,15.9,8.8,9.2,9,12.7,11.4,15.9,14.8,5.3,10.3,8.6,10.9,6.1,8,7.1,9.7,8.4,7.1,23.4,13.4,17.8,10.4,10.5,14.6,13.9,8.8,9.9,NA,NA,NA,NA,NA,NA,NA,NA,NA,NA,NA,NA,NA,NA,NA,NA,NA,NA,NA,NA,NA,NA,NA,NA,NA,NA,NA,NA,NA,NA
89. Moderately high (Systolic 160-179 mm of Hg and/or Diastolic 100-109 mm of Hg) (%),0,0.9,3.5,2.7,2.3,2.5,2.4,10.2,8,2.8,2.2,0,0,0,2.3,4.3,3.5,5.6,3.9,4,2.9,3.5,2.4,2.9,4.2,4.5,3.2,4.9,2.8,4.5,NA,NA,NA,NA,NA,NA,NA,NA,NA,NA,NA,NA,NA,NA,NA,NA,NA,NA,NA,NA,NA,NA,NA,NA,NA,NA,NA,NA,NA,NA
90. Very high (Systolic ?180 mm of Hg and/or Diastolic ?110 mm of Hg) (%),2.7,2.2,0,0,1.1,2.6,1.7,1.1,2.9,0,0,2.3,1.8,2,0,0,0,2.8,2,2.8,2,0,2.3,1.3,2.2,2,1.5,3.9,0,0,NA,NA,NA,NA,NA,NA,NA,NA,NA,NA,NA,NA,NA,NA,NA,NA,NA,NA,NA,NA,NA,NA,NA,NA,NA,NA,NA,NA,NA,NA
91. Cervix (%),37.2,37.4,31.6,38,15.6,17.7,16.6,36.4,40.1,35.9,35.2,40,44,42.5,37.8,36,36.7,24.9,26.6,34.4,41.6,19.4,17.1,18,31.5,31.8,40.3,41.9,24.3,26.8,NA,NA,NA,NA,NA,NA,NA,NA,NA,NA,NA,NA,NA,NA,NA,NA,NA,NA,NA,NA,NA,NA,NA,NA,NA,NA,NA,NA,NA,NA
92. Breast (%),5.9,6.9,3.7,3.8,3.1,2,2.6,5.5,5,6.1,6.2,7,12.4,10.3,4,3.8,3.9,3,3.1,5.5,6.4,2,4.9,3.8,6.1,6.3,5,4.9,2.1,2.5,NA,NA,NA,NA,NA,NA,NA,NA,NA,NA,NA,NA,NA,NA,NA,NA,NA,NA,NA,NA,NA,NA,NA,NA,NA,NA,NA,NA,NA,NA
93. Oral cavity (%),9.3,9.1,10.7,13.7,11.5,6.9,9.3,14.3,19.7,15.6,17.1,11.2,13.6,12.7,19.5,9.4,13.3,9.4,10.3,13.4,14.4,10.3,11.9,11.3,7.5,9.6,11,11.7,5.8,7.8,NA,NA,NA,NA,NA,NA,NA,NA,NA,NA,NA,NA,NA,NA,NA,NA,NA,NA,NA,NA,NA,NA,NA,NA,NA,NA,NA,NA,NA,NA
