Residence,Mamit - Urban,Mamit - Rural,Mamit - Total,Kolasib - Urban,Kolasib - Rural,Kolasib - Total,Aizwal - Urban,Aizwal - Rural,Aizwal - Total,Champhai - Urban,Champhai - Rural,Champhai - Total,Serchhip - Urban,Serchhip - Rural,Serchhip - Total,Lunglei - Urban,Lunglei - Rural,Lunglei - Total,Lawngtlai - Urban,Lawngtlai - Rural,Lawngtlai - Total,Saiha - Urban,Saiha - Rural,Saiha - Total,Note of Mamit - Urban,Note of Mamit - Rural,Note of Mamit - Total,Note of Kolasib - Urban,Note of Kolasib - Rural,Note of Kolasib - Total,Note of Aizwal - Urban,Note of Aizwal - Rural,Note of Aizwal - Total,Note of Champhai - Urban,Note of Champhai - Rural,Note of Champhai - Total,Note of Serchhip - Urban,Note of Serchhip - Rural,Note of Serchhip - Total,Note of Lunglei - Urban,Note of Lunglei - Rural,Note of Lunglei - Total,Note of Lawngtlai - Urban,Note of Lawngtlai - Rural,Note of Lawngtlai - Total,Note of Saiha - Urban,Note of Saiha - Rural,Note of Saiha - Total
Households surveyed,162.2,658.95,821.15,520,159.13,679.13,3864.87,931.61,4796.48,523.64,648.83,1172.47,343.85,138.7,482.55,752.44,1004.85,1757.28,243.67,967.23,1210.9,241.82,235.21,477.03,NA,NA,NA,NA,NA,NA,NA,NA,NA,NA,NA,NA,NA,NA,NA,NA,NA,NA,NA,NA,NA,NA,NA,NA
Women age 15-49 years interviewed,150.79,632.64,783.43,492.96,138.64,631.6,4659.93,993.26,5653.18,539,650.61,1189.61,344.72,126.6,471.32,795.12,948.39,1743.51,273.05,1010.72,1283.77,290.14,232.52,522.66,NA,NA,NA,NA,NA,NA,NA,NA,NA,NA,NA,NA,NA,NA,NA,NA,NA,NA,NA,NA,NA,NA,NA,NA
Men age 15-49 years interviewed,25.94,95.72,121.66,66.09,19.81,85.9,630.6,113.8,744.4,72.25,95.32,167.57,47.78,17.07,64.85,91.31,129.2,220.51,55.55,106.55,162.1,33.56,25.1,58.66,NA,NA,NA,NA,NA,NA,NA,NA,NA,NA,NA,NA,NA,NA,NA,NA,NA,NA,NA,NA,NA,NA,NA,NA
1. Population (female) age 6+ years who ever attended school (%),97.45,78.79,82.48,94.74,87.47,93.12,96.04,95.25,95.89,96.12,93.3,94.56,96.51,94.29,95.89,96.06,88.1,91.65,93.6,65.15,71,94.39,86.07,90.39,NA,NA,NA,NA,NA,NA,NA,NA,NA,NA,NA,NA,NA,NA,NA,NA,NA,NA,NA,NA,NA,NA,NA,NA
2. Population below age 15 years (%),32.48,33.02,32.92,28.39,36.29,30.32,26.3,33.07,27.61,29.7,34.9,32.65,28.75,35.47,30.73,25.35,30.27,28.15,31.26,34.95,34.21,31.14,36.59,33.82,NA,NA,NA,NA,NA,NA,NA,NA,NA,NA,NA,NA,NA,NA,NA,NA,NA,NA,NA,NA,NA,NA,NA,NA
3. Sex ratio of the total population (females per 1000 males),1086.33,934.31,961.54,1031.16,902.24,998.05,1066.11,1057.21,1064.37,1048.36,979.77,1008.89,964.43,896.99,944.11,980.54,917.14,943.93,1004.54,994.14,996.23,1010,969.4,989.8,NA,NA,NA,NA,NA,NA,NA,NA,NA,NA,NA,NA,NA,NA,NA,NA,NA,NA,NA,NA,NA,NA,NA,NA
4. Sex ratio at birth for children born in the last five years (females per 1000 males),1665.34,933.82,1049.51,1001.07,983.14,995.57,878.53,979.63,902.35,1171.28,923.78,1008.73,905.24,1004.79,938.92,759.64,887.52,835.65,898.48,1130.61,1079.33,1087.66,871.27,962.2,NA,NA,NA,NA,NA,NA,NA,NA,NA,NA,NA,NA,NA,NA,NA,NA,NA,NA,NA,NA,NA,NA,NA,NA
5. Children under age 5 years whose birth was registered (%),96.46,97.65,97.41,99.6,96.82,98.76,96.81,97.01,96.86,99.42,97.3,98.11,99.4,100,99.61,100,99.28,99.57,100,99.03,99.22,96.24,97.34,96.85,NA,NA,NA,NA,NA,NA,NA,NA,NA,NA,NA,NA,NA,NA,NA,NA,NA,NA,NA,NA,NA,NA,NA,NA
6. Households with electricity (%),97.72,82.76,85.72,99.24,98.12,98.98,99.75,99.47,99.69,99.88,99.72,99.79,99.75,99.3,99.62,100,98.49,99.14,98.91,68.08,74.28,99.5,99.22,99.36,NA,NA,NA,NA,NA,NA,NA,NA,NA,NA,NA,NA,NA,NA,NA,NA,NA,NA,NA,NA,NA,NA,NA,NA
7. Households with an improved drinking-water source1 (%),94.79,81.49,84.12,97.45,96.25,97.17,94.39,88.74,93.29,98.45,96.6,97.43,96.92,95.34,96.46,98.27,90.7,93.95,55.86,79.25,74.55,95.12,89.65,92.42,NA,NA,NA,NA,NA,NA,NA,NA,NA,NA,NA,NA,NA,NA,NA,NA,NA,NA,NA,NA,NA,NA,NA,NA
8. Households using improved sanitation facility2 (%),87.72,61.68,66.82,90.08,79.06,87.5,90.66,92.07,90.93,94.81,81.27,87.32,92.93,89.58,91.97,92.44,66.63,77.68,89.76,59.15,65.31,82.31,77.91,80.14,NA,NA,NA,NA,NA,NA,NA,NA,NA,NA,NA,NA,NA,NA,NA,NA,NA,NA,NA,NA,NA,NA,NA,NA
9. Households using clean fuel for cooking3 (%),78.2,27.48,37.5,82.02,37.08,71.49,98.7,41.25,87.54,79.82,29.99,52.24,82.65,25.82,66.31,88.97,24.58,52.15,84.46,27.22,38.74,93.21,23.29,58.74,NA,NA,NA,NA,NA,NA,NA,NA,NA,NA,NA,NA,NA,NA,NA,NA,NA,NA,NA,NA,NA,NA,NA,NA
10. Households using iodized salt (%),98.86,97.49,97.76,99.69,97.81,99.25,99.12,97.29,98.77,99.42,98.72,99.03,99.79,98.74,99.49,99.67,99.51,99.58,98.65,99.25,99.13,99.8,99.78,99.79,NA,NA,NA,NA,NA,NA,NA,NA,NA,NA,NA,NA,NA,NA,NA,NA,NA,NA,NA,NA,NA,NA,NA,NA
11. Households with any usual member covered by a health scheme or health insurance (%),46,52.15,50.93,60.57,65.73,61.78,33.72,56.07,38.06,55.06,60.83,58.25,66.9,75.43,69.35,51.76,52.54,52.21,44.09,22.52,26.86,42.81,64.57,53.54,NA,NA,NA,NA,NA,NA,NA,NA,NA,NA,NA,NA,NA,NA,NA,NA,NA,NA,NA,NA,NA,NA,NA,NA
12. Women who are literate (%),95.95,77.46,81.02,97.22,87.94,95.19,98.8,98.45,98.73,98.29,96.03,97.05,99.65,97.94,99.19,99.2,87.3,92.73,96.57,65.25,71.92,98.08,92.65,95.66,NA,NA,NA,NA,NA,NA,NA,NA,NA,NA,NA,NA,NA,NA,NA,NA,NA,NA,NA,NA,NA,NA,NA,NA
13. Men who are literate (%),93.18,92.89,92.95,99.48,96.31,98.75,99.21,100,99.33,100,99.14,99.51,100,100,100,100,98.34,99.03,100,89.84,93.32,99.18,96.17,97.89,NA,NA,NA,NA,NA,NA,NA,NA,NA,NA,NA,NA,NA,NA,NA,NA,NA,NA,NA,NA,NA,NA,NA,NA
14. Women with 10 or more years of schooling (%),36.4,18.82,22.21,36.55,15.4,31.91,55.39,28.5,50.66,43.66,19.26,30.32,40.09,20.52,34.83,53.99,18.8,34.85,51.16,19.58,26.3,56.2,25.92,42.73,NA,NA,NA,NA,NA,NA,NA,NA,NA,NA,NA,NA,NA,NA,NA,NA,NA,NA,NA,NA,NA,NA,NA,NA
15. Women age 20-24 years married before age 18 years (%),NA,18.08,17.37,13.77,19.31,14.88,5.68,5.65,5.67,12.75,22.54,18.33,6.88,7.19,6.97,6.78,25.75,17.22,5.27,17.74,14.95,10.51,13.23,11.72,*,NA,NA,NA,NA,NA,NA,NA,NA,NA,NA,NA,NA,NA,NA,NA,NA,NA,NA,NA,NA,NA,NA,NA
16. Men age 25-29 years married before age 21 years (%),NA,NA,NA,NA,NA,19.69,NA,NA,NA,10.12,NA,14.12,NA,12.24,30.19,NA,NA,13.71,NA,NA,NA,NA,NA,24.29,*,*,*,*,*,NA,*,*,*,NA,*,NA,*,NA,NA,*,*,NA,*,*,*,*,*,NA
17. Women age 15-19 years who were already mothers or pregnant at the time of the survey (%),NA,5.55,5.95,6.72,10.39,7.52,6.33,9.59,6.89,5.88,9.82,8.03,5.89,7.88,6.39,8.1,11.77,10.08,2.83,7.56,6.55,2.63,6.57,4.15,*,NA,NA,NA,NA,NA,NA,NA,NA,NA,NA,NA,NA,NA,NA,NA,NA,NA,NA,NA,NA,NA,NA,NA
18. Any method (%),39.89,33.46,34.58,34.07,33.02,33.81,40.32,43.04,40.92,30.46,34.11,32.54,39.12,44.97,40.87,36.57,24.12,28.97,43.5,23.73,27.06,36.62,31.3,33.92,NA,NA,NA,NA,NA,NA,NA,NA,NA,NA,NA,NA,NA,NA,NA,NA,NA,NA,NA,NA,NA,NA,NA,NA
19. Any modern method (%),39.89,33.46,34.58,33.86,32.86,33.6,40.32,43.04,40.92,30.11,34.11,32.39,39.12,44.83,40.83,36.57,24.12,28.97,43.5,23.73,27.06,36.62,31.3,33.92,NA,NA,NA,NA,NA,NA,NA,NA,NA,NA,NA,NA,NA,NA,NA,NA,NA,NA,NA,NA,NA,NA,NA,NA
20. Female sterilization (%),18.12,16.31,16.63,15.43,15.06,15.34,20.88,18.87,20.44,11.01,14.04,12.74,17.93,13.94,16.74,16.29,10.82,12.95,28.28,13.49,15.98,27.11,25.05,26.07,NA,NA,NA,NA,NA,NA,NA,NA,NA,NA,NA,NA,NA,NA,NA,NA,NA,NA,NA,NA,NA,NA,NA,NA
21. Male sterilization (%),0,0,0,0,0.17,0.04,0,0,0,0,0,0,0,0,0,0,0,0,0,0,0,0,0,0,NA,NA,NA,NA,NA,NA,NA,NA,NA,NA,NA,NA,NA,NA,NA,NA,NA,NA,NA,NA,NA,NA,NA,NA
22. IUD/PPIUD (%),3.29,2.16,2.36,3.05,2.29,2.85,3.44,4,3.56,2.98,4.89,4.06,5.71,5.26,5.58,7,1.43,3.6,4.16,1.01,1.54,4.32,3.09,3.7,NA,NA,NA,NA,NA,NA,NA,NA,NA,NA,NA,NA,NA,NA,NA,NA,NA,NA,NA,NA,NA,NA,NA,NA
23. Pill (%),16.5,14.2,14.6,13.87,14.37,14,14.18,17.81,14.97,15.1,14.21,14.59,14.72,24.23,17.57,12.7,11.29,11.84,8.39,8.41,8.41,4.98,2.75,3.85,NA,NA,NA,NA,NA,NA,NA,NA,NA,NA,NA,NA,NA,NA,NA,NA,NA,NA,NA,NA,NA,NA,NA,NA
24. Condom (%),1.98,0.78,0.99,1.5,0.97,1.37,1.83,2.37,1.94,1.02,0.97,0.99,0.76,1.28,0.91,0.4,0.57,0.5,2.68,0.6,0.95,0.21,0.25,0.23,NA,NA,NA,NA,NA,NA,NA,NA,NA,NA,NA,NA,NA,NA,NA,NA,NA,NA,NA,NA,NA,NA,NA,NA
25. Total unmet need (%),27.58,22.79,23.63,15.79,25.19,18.19,18.32,19.11,18.5,26.07,22.91,24.27,19.64,18.79,19.39,18.38,19.81,19.25,12.06,19.32,18.1,24.49,26.08,25.3,NA,NA,NA,NA,NA,NA,NA,NA,NA,NA,NA,NA,NA,NA,NA,NA,NA,NA,NA,NA,NA,NA,NA,NA
26. Unmet need for spacing (%),19.16,15.23,15.91,11.18,16.23,12.47,10.26,9.38,10.07,17.28,14.54,15.72,13.14,11.78,12.73,8.54,13.91,11.82,6.89,14.53,13.25,17.73,18.36,18.05,NA,NA,NA,NA,NA,NA,NA,NA,NA,NA,NA,NA,NA,NA,NA,NA,NA,NA,NA,NA,NA,NA,NA,NA
27. Health worker ever talked to female non-users about family planning5 (%),21.25,15.47,16.55,15.59,24.17,17.4,10.78,16.41,11.72,12.89,22.98,18.36,20.89,20.36,20.76,16.79,22.12,19.76,9.05,5.42,6.13,8.18,23.29,14.9,NA,NA,NA,NA,NA,NA,NA,NA,NA,NA,NA,NA,NA,NA,NA,NA,NA,NA,NA,NA,NA,NA,NA,NA
28. Current users ever told about side effects of current method (%),NA,43.54,46.07,53.52,40.6,49.94,51.12,42.83,49.18,55.01,49.09,51.46,48.03,47.58,47.86,68.63,46.18,57.39,NA,68.24,74.97,58.25,76.71,67.16,*,NA,NA,NA,NA,NA,NA,NA,NA,NA,NA,NA,NA,NA,NA,NA,NA,NA,*,NA,NA,NA,NA,NA
29. Mothers who had antenatal check-up in the first trimester (%),67.24,58.85,60.6,72.85,53.44,67.53,80.77,55.02,74.81,70.79,53.27,60.27,72.95,54.99,67.05,70.58,48.94,57.79,87.82,42.21,50.53,61.6,64.9,63.32,NA,NA,NA,NA,NA,NA,NA,NA,NA,NA,NA,NA,NA,NA,NA,NA,NA,NA,NA,NA,NA,NA,NA,NA
30. Mothers who had at least 4 antenatal care visits (%),79.46,36.25,45.28,78.56,42.47,68.68,81.67,59.56,76.56,66.75,47.58,55.24,75.72,56.25,69.32,73.46,33.18,49.65,67.12,31.83,38.26,58.86,39.17,48.6,NA,NA,NA,NA,NA,NA,NA,NA,NA,NA,NA,NA,NA,NA,NA,NA,NA,NA,NA,NA,NA,NA,NA,NA
31. Mothers whose last birth was protected against neonatal tetanus6 (%),86.09,76.84,78.77,89.76,74.46,85.57,88.18,91.99,89.07,93.37,81.01,85.95,89.51,85.12,88.07,87.2,74.23,79.53,81.86,51.96,57.41,90.63,84.19,87.27,NA,NA,NA,NA,NA,NA,NA,NA,NA,NA,NA,NA,NA,NA,NA,NA,NA,NA,NA,NA,NA,NA,NA,NA
32. Mothers who consumed iron folic acid for 100 days or more when they were pregnant (%),66.68,47.17,51.25,66.16,45.62,60.53,58.23,64.8,59.75,54.76,51.15,52.59,67.99,53.84,63.34,54.02,31.06,40.45,66.65,37.43,42.75,58.5,51.17,54.68,NA,NA,NA,NA,NA,NA,NA,NA,NA,NA,NA,NA,NA,NA,NA,NA,NA,NA,NA,NA,NA,NA,NA,NA
33. Mothers who had full antenatal care7 (%),57.1,26.35,32.77,53.81,26.46,46.32,49.28,42.83,47.79,37.81,28.44,32.18,52.71,34.6,46.76,42.51,15.14,26.33,48.21,20.23,25.33,36.84,21.58,28.89,NA,NA,NA,NA,NA,NA,NA,NA,NA,NA,NA,NA,NA,NA,NA,NA,NA,NA,NA,NA,NA,NA,NA,NA
34. Registered pregnancies for which the mother received Mother and Child Protection (MCP) card (%),98.34,94.72,95.57,99.22,94.23,97.95,97.31,96.23,97.04,99.05,97.25,97.97,99.59,95.75,98.32,97.42,94.84,95.94,96.2,90.67,92.15,97.9,96.23,97.04,NA,NA,NA,NA,NA,NA,NA,NA,NA,NA,NA,NA,NA,NA,NA,NA,NA,NA,NA,NA,NA,NA,NA,NA
35. Mothers who received postnatal care from a doctor/nurse/LHV/ANM/midwife/other health personnel within 2 days of delivery (%),76.22,42.17,49.29,72.94,54.91,68.01,77.98,67.28,75.5,78.97,56.36,65.39,69.72,67.18,68.89,77.41,51.77,62.25,82.44,30.02,39.57,71.77,36.8,53.54,NA,NA,NA,NA,NA,NA,NA,NA,NA,NA,NA,NA,NA,NA,NA,NA,NA,NA,NA,NA,NA,NA,NA,NA
36. Mothers who received financial assistance under Janani Suraksha Yojana (JSY) for births delivered in an institution (%),60.39,60.96,60.77,51.97,36.82,48.87,43.53,58.35,46.62,43.54,53.18,48.74,47.29,53.88,49.11,42.35,50.05,46.03,45.8,34.25,38.27,42.87,68.92,51.27,NA,NA,NA,NA,NA,NA,NA,NA,NA,NA,NA,NA,NA,NA,NA,NA,NA,NA,NA,NA,NA,NA,NA,NA
37. Average out of pocket expenditure per delivery in public health facility (Rs.),3148.84,2869.91,2964.4,3291.7,2406.43,3096.59,6032.48,2442.57,5087.39,4232.21,3000.45,3570.41,3408.1,2284.86,3053.5,5024.66,5266.7,5159.4,2733.07,3986.3,3648.09,3511.9,2650.51,3220.92,NA,NA,NA,NA,NA,NA,NA,NA,NA,NA,NA,NA,NA,NA,NA,NA,NA,NA,NA,NA,NA,NA,NA,NA
38. Children born at home who were taken to a health facility for check-up within 24 hours of birth (%),NA,0,0,NA,0,0,NA,NA,NA,NA,1.39,1.24,NA,3.23,6.14,NA,5.87,5.59,NA,0,0,NA,0,1.02,*,NA,NA,*,NA,NA,*,*,*,*,NA,NA,*,NA,NA,*,NA,NA,*,NA,NA,*,NA,NA
39. Children who received postnatal care from a doctor/nurse/LHV/ANM/midwife/other health personnel within 2 days of delivery (%),15.8,10.67,11.74,11.92,3.38,9.58,14.36,15.8,14.69,8.99,8.26,8.55,12.74,12.06,12.52,14.79,7.94,10.74,8.9,1.18,2.59,5.61,9.22,7.49,NA,NA,NA,NA,NA,NA,NA,NA,NA,NA,NA,NA,NA,NA,NA,NA,NA,NA,NA,NA,NA,NA,NA,NA
40. Institutional births (%),92.62,50.07,58.65,98.45,63.35,87.74,98.5,89.43,96.24,95.13,72.04,80.58,95.8,74.16,88.26,97.19,60.46,74.58,92.9,34.65,46.01,89.61,37.5,60.64,NA,NA,NA,NA,NA,NA,NA,NA,NA,NA,NA,NA,NA,NA,NA,NA,NA,NA,NA,NA,NA,NA,NA,NA
41. Institutional births in public facility (%),86.72,45.52,53.82,88.93,57.25,79.26,62.07,83.76,67.47,85.8,67.96,74.56,83.71,71.61,79.49,75.06,55.04,62.74,63.87,31.12,37.51,81.68,37.12,56.91,NA,NA,NA,NA,NA,NA,NA,NA,NA,NA,NA,NA,NA,NA,NA,NA,NA,NA,NA,NA,NA,NA,NA,NA
42. Home delivery conducted by skilled health personnel (out of total deliveries) (%),0,12.7,10.14,0,6.04,1.84,0.56,3.95,1.4,1.06,8.11,5.5,1.91,13.95,6.1,0.73,4.66,3.15,2.67,4.45,4.1,3.08,17.43,11.06,NA,NA,NA,NA,NA,NA,NA,NA,NA,NA,NA,NA,NA,NA,NA,NA,NA,NA,NA,NA,NA,NA,NA,NA
43. Births assisted by a doctor/nurse/LHV/ANM/other health personnel (%),92.62,62.11,68.26,98.45,69.39,89.58,99.06,93.38,97.65,96.19,80.42,86.25,97.03,88.06,93.9,97.91,65.47,77.95,95.57,38.77,49.85,92.69,54.63,71.53,NA,NA,NA,NA,NA,NA,NA,NA,NA,NA,NA,NA,NA,NA,NA,NA,NA,NA,NA,NA,NA,NA,NA,NA
44. Births delivered by caesarean section (%),8.47,1.76,3.11,12.48,3.34,9.7,24.39,9.61,20.71,10.46,6.85,8.19,14.61,6.8,11.89,16.64,9.27,12.1,6.54,2.35,3.16,7.11,0.71,3.56,NA,NA,NA,NA,NA,NA,NA,NA,NA,NA,NA,NA,NA,NA,NA,NA,NA,NA,NA,NA,NA,NA,NA,NA
45. Births in a private health facility delivered by caesarean section (%),NA,NA,NA,22.9,NA,18.99,31.15,NA,30.48,32.74,NA,39.81,40.05,NA,38.57,39.16,NA,31.41,NA,NA,17.91,43.42,NA,40.98,*,*,*,NA,*,NA,NA,*,NA,NA,*,NA,NA,*,NA,NA,*,NA,*,*,NA,NA,*,NA
46. Births in a public health facility delivered by caesarean section (%),7.12,2.14,3.75,11.59,5.29,10.2,21.01,10.29,17.7,8.64,7.12,7.76,11.67,8.6,10.7,10.62,15.69,13.36,1.89,5.61,4.37,4.49,1.92,3.56,NA,NA,NA,NA,NA,NA,NA,NA,NA,NA,NA,NA,NA,NA,NA,NA,NA,NA,NA,NA,NA,NA,NA,NA
47. Children age 12-23 months fully immunized (BCG measles and 3 doses each of polio/DPT) (%),NA,34.58,40.4,55.1,44.02,51.52,43.3,NA,55.29,51,46.5,48.31,59.56,63.67,60.88,53.42,41.34,46.38,NA,33.7,42.21,50.28,59.29,55.02,*,NA,NA,NA,NA,NA,NA,*,NA,NA,NA,NA,NA,NA,NA,NA,NA,NA,*,NA,NA,NA,NA,NA
48. Children age 12-23 months who have received BCG (%),NA,61.54,64.18,63.48,66.84,64.57,80.09,NA,82.76,80.39,66.87,72.3,82.58,78.97,81.42,79.39,61.91,69.2,NA,63.5,70.69,73.66,83.04,78.6,*,NA,NA,NA,NA,NA,NA,*,NA,NA,NA,NA,NA,NA,NA,NA,NA,NA,*,NA,NA,NA,NA,NA
49. Children age 12-23 months who have received 3 doses of polio vaccine (%),NA,50.54,54.97,63.66,56.32,61.28,59.6,NA,66.31,63.37,51.42,56.22,68.23,70.99,69.12,68.47,55.89,61.13,NA,41.93,53.36,61.74,68.54,65.32,*,NA,NA,NA,NA,NA,NA,*,NA,NA,NA,NA,NA,NA,NA,NA,NA,NA,*,NA,NA,NA,NA,NA
50. Children age 12-23 months who have received 3 doses of DPT vaccine (%),NA,49.9,54.44,62.72,56.51,60.71,57.67,NA,65,65.14,54.85,58.98,70.75,72.45,71.3,65.68,57.46,60.88,NA,42.02,53.43,57.69,77.68,68.21,*,NA,NA,NA,NA,NA,NA,*,NA,NA,NA,NA,NA,NA,NA,NA,NA,NA,*,NA,NA,NA,NA,NA
51. Children age 12-23 months who have received measles vaccine (%),NA,54.62,57.16,60.15,48.45,56.37,50.89,NA,60.42,68.61,61.2,64.18,73.6,74.57,73.91,77.14,58.7,66.39,NA,42.04,48.91,71.71,76.72,74.34,*,NA,NA,NA,NA,NA,NA,*,NA,NA,NA,NA,NA,NA,NA,NA,NA,NA,*,NA,NA,NA,NA,NA
52. Children age 12-23 months who have received 3 doses of Hepatitis B vaccine (%),NA,44.72,47.57,58.01,56.11,57.4,52.66,NA,60.19,63.22,52.59,56.86,60.71,64.12,61.81,62.35,52.21,56.44,NA,36.81,49.25,49.4,64.99,57.6,*,NA,NA,NA,NA,NA,NA,*,NA,NA,NA,NA,NA,NA,NA,NA,NA,NA,*,NA,NA,NA,NA,NA
53. Children age 9-59 months who received a vitamin A dose in last 6 months (%),67.88,56.4,58.84,77.79,59.75,72.24,76.52,72.28,75.48,79.57,74.32,76.23,72.61,70.07,71.74,71.46,61.14,65.23,75.96,37.74,44.69,59.77,75.65,68.43,NA,NA,NA,NA,NA,NA,NA,NA,NA,NA,NA,NA,NA,NA,NA,NA,NA,NA,NA,NA,NA,NA,NA,NA
54. Children age 12-23 months who received most of the vaccinations in public health facility (%),NA,97.77,96.36,96.49,100,97.61,77.31,NA,85.15,100,98.41,99.15,95.31,100,96.75,95.98,100,98.13,NA,92.42,92.53,98.22,100,99.14,*,NA,NA,NA,NA,NA,NA,*,NA,NA,NA,NA,NA,NA,NA,NA,NA,NA,*,NA,NA,NA,NA,NA
55. Children age 12-23 months who received most of the vaccinations in private health facility (%),NA,0.01,1.81,3.51,0,2.39,22.69,NA,14.85,0,1.59,0.85,4.69,0,3.25,4.02,0.01,1.87,NA,2.53,3.8,0,0,0,*,NA,NA,NA,NA,NA,NA,*,NA,NA,NA,NA,NA,NA,NA,NA,NA,NA,*,NA,NA,NA,NA,NA
56. Prevalence of diarrhoea (reported) in the last 2 weeks preceding the survey (%),8.91,9.27,9.19,2.99,4.98,3.6,10.64,8.71,10.17,2.92,9.3,6.93,3.5,3.68,3.56,1.2,8.4,5.6,4.03,6.37,5.9,4.86,1.13,2.8,NA,NA,NA,NA,NA,NA,NA,NA,NA,NA,NA,NA,NA,NA,NA,NA,NA,NA,NA,NA,NA,NA,NA,NA
57. Children with diarrhoea in the last 2 weeks who received oral rehydration salts (ORS) (%),NA,59.88,64.72,NA,NA,86.45,NA,NA,76.53,NA,66.54,67.35,NA,NA,36.95,NA,NA,72.09,NA,NA,NA,NA,NA,60.81,*,NA,NA,*,*,NA,*,*,NA,*,NA,NA,*,*,NA,*,*,NA,*,*,*,*,*,NA
58. Children with diarrhoea in the last 2 weeks who received zinc (%),NA,11.18,17.09,NA,NA,12.15,NA,NA,31.55,NA,41.5,44.63,NA,NA,15.52,NA,NA,27.58,NA,NA,NA,NA,NA,34.92,*,NA,NA,*,*,NA,*,*,NA,*,NA,NA,*,*,NA,*,*,NA,*,*,*,*,*,NA
59. Children with diarrhoea in the last 2 weeks taken to a health facility (%),NA,25.25,28.35,NA,NA,58.39,NA,NA,49.11,NA,30.44,32.95,NA,NA,32.53,NA,NA,30.55,NA,NA,NA,NA,NA,52.24,*,NA,NA,*,*,NA,*,*,NA,*,NA,NA,*,*,NA,*,*,NA,*,*,*,*,*,NA
60. Prevalence of symptoms of acute respiratory infection (ARI) in the last 2 weeks preceding the survey (%),2.83,0.15,0.7,1.48,0.72,1.25,4.32,2.82,3.95,0.9,1.19,1.09,1.7,1.94,1.79,1.04,1.14,1.1,0,0.65,0.52,1.97,0.1,0.94,NA,NA,NA,NA,NA,NA,NA,NA,NA,NA,NA,NA,NA,NA,NA,NA,NA,NA,NA,NA,NA,NA,NA,NA
61. Children with fever or symptoms of ARI in the last 2 weeks preceding the survey taken to a health facility (%),NA,NA,46.23,73.77,39.08,64.06,63.03,NA,54.83,NA,38.44,39.74,44.11,29.72,37.69,71.52,37.07,50.38,NA,NA,NA,62.65,NA,55.27,*,*,NA,NA,NA,NA,NA,*,NA,*,NA,NA,NA,NA,NA,NA,NA,NA,*,*,*,NA,*,NA
62. Children under age 3 years breastfed within one hour of birth8 (%),82.07,86.49,85.66,79.57,82.05,80.3,66,73.84,68.03,55.12,62.96,60,72.3,72.45,72.35,56.43,63.27,60.47,84.02,74.64,76.44,73.12,98.28,86.61,NA,NA,NA,NA,NA,NA,NA,NA,NA,NA,NA,NA,NA,NA,NA,NA,NA,NA,NA,NA,NA,NA,NA,NA
63. Children under age 6 months exclusively breastfed9 (%),NA,NA,NA,NA,81.19,69.44,NA,NA,59.66,46.4,61.61,55.36,NA,75.42,65.98,NA,NA,66.04,NA,NA,42.64,77.85,74.6,75.94,*,*,*,*,NA,NA,*,*,NA,NA,NA,NA,*,NA,NA,*,*,NA,*,*,NA,NA,NA,NA
64. Children age 6-8 months receiving solid or semi-solid food and breastmilk9 (%),NA,NA,NA,NA,NA,81.84,NA,NA,NA,NA,NA,71.76,NA,NA,78.62,NA,NA,66.52,NA,NA,NA,NA,84.57,77.37,*,*,*,*,*,NA,*,*,*,*,*,NA,*,*,NA,*,*,NA,*,*,*,*,NA,NA
65. Breastfeeding children age 6-23 months receiving an adequate diet9 10 (%),NA,6.03,5.88,18.53,21.13,19.3,17.05,15.66,16.57,19.51,22.13,21.13,15.95,34.63,21.62,12.61,10.92,11.59,NA,7.15,7.28,1.24,11.69,6.98,*,NA,NA,NA,NA,NA,NA,NA,NA,NA,NA,NA,NA,NA,NA,NA,NA,NA,*,NA,NA,NA,NA,NA
66. Non-breastfeeding children age 6-23 months receiving an adequate diet9 10 (%),NA,NA,NA,NA,NA,12.34,NA,NA,NA,NA,NA,14.06,NA,NA,NA,NA,NA,NA,NA,NA,NA,9,NA,4.66,*,*,*,*,*,NA,*,*,*,*,*,NA,*,*,*,*,*,*,*,*,*,NA,*,NA
67. Total children age 6-23 months receiving an adequate diet9 10 (%),NA,5.1,5.04,18.36,18.38,18.37,17.59,16.54,17.23,18,21.77,20.28,14.4,30.83,19.44,14.26,9.88,11.67,NA,6.18,7.49,2.91,9.67,6.53,*,NA,NA,NA,NA,NA,NA,NA,NA,NA,NA,NA,NA,NA,NA,NA,NA,NA,*,NA,NA,NA,NA,NA
68. Children under 5 years who are stunted11 (%),33.68,30.48,31.16,22.3,33.4,25.58,22.03,28.79,23.71,25.39,37.42,32.92,22.85,30.7,25.62,19.75,28.8,25.3,20.54,39.06,35.33,25.88,45.5,36.9,NA,NA,NA,NA,NA,NA,NA,NA,NA,NA,NA,NA,NA,NA,NA,NA,NA,NA,NA,NA,NA,NA,NA,NA
69. Children under 5 years who are wasted11 (%),2.45,11.44,9.55,6.44,6.48,6.45,2.28,2.26,2.28,5.33,6.5,6.06,7.92,12.5,9.54,7.33,5.29,6.08,7,13.29,12.02,15.54,9.14,11.94,NA,NA,NA,NA,NA,NA,NA,NA,NA,NA,NA,NA,NA,NA,NA,NA,NA,NA,NA,NA,NA,NA,NA,NA
70. Children under 5 years who are severely wasted12 (%),0,3.2,2.53,2.44,2.57,2.47,0.31,2.26,0.79,2.93,2.45,2.63,2.27,4.27,2.97,2.15,1.4,1.69,0,7.37,5.89,4.99,3.15,3.96,NA,NA,NA,NA,NA,NA,NA,NA,NA,NA,NA,NA,NA,NA,NA,NA,NA,NA,NA,NA,NA,NA,NA,NA
71. Children under 5 years who are underweight11 (%),10.07,19.32,17.37,9.66,14.01,10.95,6.19,8.12,6.67,9.23,14.84,12.74,11.96,12.96,12.31,13.22,12.97,13.07,12.68,23.48,21.31,12.9,18.78,16.2,NA,NA,NA,NA,NA,NA,NA,NA,NA,NA,NA,NA,NA,NA,NA,NA,NA,NA,NA,NA,NA,NA,NA,NA
72. Women whose Body Mass Index (BMI) is below normal (BMI <18.5 kg/m2) (%),9.19,10.54,10.28,8.65,9.91,8.92,6.78,8.09,7.01,6.04,7.2,6.67,8.78,12.5,9.78,8.3,11.04,9.79,12.97,9.73,10.4,10.87,11.31,11.06,NA,NA,NA,NA,NA,NA,NA,NA,NA,NA,NA,NA,NA,NA,NA,NA,NA,NA,NA,NA,NA,NA,NA,NA
73. Men whose Body Mass Index (BMI) is below normal (BMI <18.5 kg/m2) (%),7.47,6.12,6.4,6.27,4.93,5.95,4.6,8.83,5.31,6.13,10.31,8.51,6.02,14.45,8.28,9.85,9.7,9.76,10.61,11.02,10.88,8.66,7.9,8.34,NA,NA,NA,NA,NA,NA,NA,NA,NA,NA,NA,NA,NA,NA,NA,NA,NA,NA,NA,NA,NA,NA,NA,NA
74. Women who are overweight or obese (BMI >=25.0 kg/m2) (%),18.71,11.29,12.74,26.88,17.66,24.86,29.56,14.27,26.83,22.63,12.98,17.39,22.33,10.01,19.01,26.73,14.86,20.28,15.61,8.76,10.17,11.5,6.76,9.43,NA,NA,NA,NA,NA,NA,NA,NA,NA,NA,NA,NA,NA,NA,NA,NA,NA,NA,NA,NA,NA,NA,NA,NA
75. Men who are overweight or obese (BMI >=25.0 kg/m2) (%),13.38,11.39,11.82,23.39,5.39,19.17,31.23,0.01,25.98,21.35,15.11,17.79,17.75,11.09,15.96,28.64,11.63,18.53,34.38,13.82,20.93,11.56,6.78,9.51,NA,NA,NA,NA,NA,NA,NA,NA,NA,NA,NA,NA,NA,NA,NA,NA,NA,NA,NA,NA,NA,NA,NA,NA
76. Children age 6-59 months who are anaemic (<11.0 g/dl) (%),14.64,20.15,19.01,40.49,42.65,41.13,7.34,19.25,10.48,7.96,7.92,7.93,32.08,22.43,28.81,19.09,31.69,26.85,23.03,36.13,33.78,15.31,24.88,20.66,NA,NA,NA,NA,NA,NA,NA,NA,NA,NA,NA,NA,NA,NA,NA,NA,NA,NA,NA,NA,NA,NA,NA,NA
77. Non-pregnant women age 15-49 years who are anaemic (<12.0 g/dl) (%),25.39,28.78,28.12,37.72,39.61,38.14,17.43,22.51,18.35,11.46,13.37,12.5,25.49,24.44,25.21,32.36,40.96,37.03,27.4,38.06,35.83,26.52,29.14,27.67,NA,NA,NA,NA,NA,NA,NA,NA,NA,NA,NA,NA,NA,NA,NA,NA,NA,NA,NA,NA,NA,NA,NA,NA
78. Pregnant women age 15-49 years who are anaemic (<11.0 g/dl) (%),NA,25.4,23.91,42.8,53.08,45.09,20.47,NA,20.84,9.83,27.59,20.62,17.97,18.81,18.2,35.46,39.3,37.61,NA,34.02,35.62,22.58,33.17,28.87,*,NA,NA,NA,NA,NA,NA,*,NA,NA,NA,NA,NA,NA,NA,NA,NA,NA,*,NA,NA,NA,NA,NA
79. All women age 15-49 years who are anaemic (%),25.02,28.61,27.92,37.98,40.31,38.49,17.54,22.48,18.45,11.41,13.92,12.78,25.18,24.2,24.91,32.46,40.9,37.05,28.05,37.9,35.82,26.38,29.39,27.72,NA,NA,NA,NA,NA,NA,NA,NA,NA,NA,NA,NA,NA,NA,NA,NA,NA,NA,NA,NA,NA,NA,NA,NA
80. Men age 15-49 years who are anaemic (<13.0 g/dl) (%),3.41,14.79,12.37,16.52,22.91,18.01,5.9,7.53,6.17,12.5,8.38,10.15,12.11,7.38,10.84,22.08,26.64,24.79,12.39,17.75,15.9,20.73,14.82,18.19,NA,NA,NA,NA,NA,NA,NA,NA,NA,NA,NA,NA,NA,NA,NA,NA,NA,NA,NA,NA,NA,NA,NA,NA
81. Blood sugar level - high (>140 mg/dl) (%),2.29,7.47,6.47,11.29,11.1,11.25,9.57,8.96,9.46,6.62,7.12,6.89,11.46,10.33,11.15,11.61,6.81,9,8.9,6.25,6.81,5.42,3.22,4.44,NA,NA,NA,NA,NA,NA,NA,NA,NA,NA,NA,NA,NA,NA,NA,NA,NA,NA,NA,NA,NA,NA,NA,NA
82. Blood sugar level - very high (>160 mg/dl) (%),0.59,3.02,2.55,4.89,4.39,4.78,4.97,3.95,4.78,3.48,2.31,2.84,5.15,3.97,4.83,5.06,2.78,3.82,2.07,2.13,2.12,1.87,1.2,1.57,NA,NA,NA,NA,NA,NA,NA,NA,NA,NA,NA,NA,NA,NA,NA,NA,NA,NA,NA,NA,NA,NA,NA,NA
83. Blood sugar level - high (>140 mg/dl) (%),17.76,6.27,8.72,11.86,19.33,13.6,11.86,7.53,11.13,6.24,9.18,7.92,9.03,7.98,8.75,11.94,12.39,12.21,3.06,10.61,8,5.32,7.55,6.28,NA,NA,NA,NA,NA,NA,NA,NA,NA,NA,NA,NA,NA,NA,NA,NA,NA,NA,NA,NA,NA,NA,NA,NA
84. Blood sugar level - very high (>160 mg/dl) (%),10.29,3.1,4.63,6.26,7.76,6.61,5.41,4.34,5.23,2.84,2.37,2.57,6.96,2.69,5.81,4,3.69,3.81,0.01,3.59,2.35,3.53,0.51,2.23,NA,NA,NA,NA,NA,NA,NA,NA,NA,NA,NA,NA,NA,NA,NA,NA,NA,NA,NA,NA,NA,NA,NA,NA
85. Slightly above normal (Systolic 140-159 mm of Hg and/or Diastolic 90-99 mm of Hg) (%),6.75,6.26,6.35,5.65,4.48,5.39,8.99,7.47,8.71,7.78,6.89,7.29,8.2,6.6,7.77,6.93,5.99,6.42,5.9,5.49,5.58,4.67,6.53,5.51,NA,NA,NA,NA,NA,NA,NA,NA,NA,NA,NA,NA,NA,NA,NA,NA,NA,NA,NA,NA,NA,NA,NA,NA
86. Moderately high (Systolic 160-179 mm of Hg and/or Diastolic 100-109 mm of Hg) (%),2.33,1.1,1.34,1.8,2.36,1.92,2.12,1.79,2.06,1.79,1.87,1.83,1.3,0.2,1,1.9,1.42,1.64,1.45,1.43,1.43,1.56,0.41,1.05,NA,NA,NA,NA,NA,NA,NA,NA,NA,NA,NA,NA,NA,NA,NA,NA,NA,NA,NA,NA,NA,NA,NA,NA
87. Very high (Systolic ?180 mm of Hg and/or Diastolic ?110 mm of Hg) (%),0.61,0.35,0.4,0.9,0.76,0.87,0.35,1.03,0.47,0.76,0.99,0.88,1.17,1.12,1.16,0.7,1.11,0.92,0.53,0.38,0.42,0.88,0.58,0.74,NA,NA,NA,NA,NA,NA,NA,NA,NA,NA,NA,NA,NA,NA,NA,NA,NA,NA,NA,NA,NA,NA,NA,NA
88. Slightly above normal (Systolic 140-159 mm of Hg and/or Diastolic 90-99 mm of Hg) (%),7.15,9.28,8.82,11.45,8.09,10.66,15.09,11.87,14.55,16.34,13.81,14.89,12.7,13.47,12.9,14.36,7.46,10.26,10.42,11.11,10.87,15.56,10.07,13.21,NA,NA,NA,NA,NA,NA,NA,NA,NA,NA,NA,NA,NA,NA,NA,NA,NA,NA,NA,NA,NA,NA,NA,NA
89. Moderately high (Systolic 160-179 mm of Hg and/or Diastolic 100-109 mm of Hg) (%),0.01,3.12,2.45,4.37,0.18,3.39,6.6,3.19,6.03,3.2,2.11,2.58,4.54,0,3.32,5.94,3.45,4.46,6.95,2.34,3.93,0.84,0,0.48,NA,NA,NA,NA,NA,NA,NA,NA,NA,NA,NA,NA,NA,NA,NA,NA,NA,NA,NA,NA,NA,NA,NA,NA
90. Very high (Systolic ?180 mm of Hg and/or Diastolic ?110 mm of Hg) (%),7.15,0,1.52,1.76,0,1.35,0,0.01,0,0,0.77,0.44,1.36,0.13,1.03,0.84,0,0.34,0.01,2.54,1.66,2.65,0,1.52,NA,NA,NA,NA,NA,NA,NA,NA,NA,NA,NA,NA,NA,NA,NA,NA,NA,NA,NA,NA,NA,NA,NA,NA
91. Cervix (%),24.73,12.7,15.02,22.26,18.82,21.51,27.49,17.29,25.7,16.47,18.45,17.55,19.84,22.38,20.52,19.32,19.27,19.29,13.25,7.14,8.44,21.44,20.67,21.1,NA,NA,NA,NA,NA,NA,NA,NA,NA,NA,NA,NA,NA,NA,NA,NA,NA,NA,NA,NA,NA,NA,NA,NA
92. Breast (%),8.71,3.5,4.5,6.55,6.44,6.52,11.03,6.31,10.2,5.2,4.98,5.08,7.31,6.85,7.18,6.5,6.04,6.25,3.71,2.7,2.92,5.63,3.51,4.69,NA,NA,NA,NA,NA,NA,NA,NA,NA,NA,NA,NA,NA,NA,NA,NA,NA,NA,NA,NA,NA,NA,NA,NA
93. Oral cavity (%),17.86,9.07,10.76,22.25,12.59,20.13,37.71,15.08,33.74,10.6,7.92,9.14,19.1,16.22,18.33,14.36,11.76,12.95,19.49,14.16,15.29,19.96,13.18,16.94,NA,NA,NA,NA,NA,NA,NA,NA,NA,NA,NA,NA,NA,NA,NA,NA,NA,NA,NA,NA,NA,NA,NA,NA
