Residence,Tawang - Urban,Tawang - Rural,Tawang - Total,West Kameng - Urban,West Kameng - Rural,West Kameng - Total,East Kameng - Urban,East Kameng - Rural,East Kameng - Total,Papum Pare - Urban,Papum Pare - Rural,Papum Pare - Total,Upper Subansiri - Urban,Upper Subansiri - Rural,Upper Subansiri - Total,West Siang - Urban,West Siang - Rural,West Siang - Total,East Siang - Urban,East Siang - Rural,East Siang - Total,Upper Siang - Urban,Upper Siang - Rural,Upper Siang - Total,Changlang - Urban,Changlang - Rural,Changlang - Total,Tirap - Urban,Tirap - Rural,Tirap - Total,Lower Subansiri - Urban,Lower Subansiri - Rural,Lower Subansiri - Total,Kurung Kumey - Urban,Kurung Kumey - Rural,Kurung Kumey - Total,Dibang Valley - Urban,Dibang Valley - Rural,Dibang Valley - Total,Lower Dibang Valley - Urban,Lower Dibang Valley - Rural,Lower Dibang Valley - Total,Lohit - Urban,Lohit - Rural,Lohit - Total,Anjaw - Urban,Anjaw - Rural,Anjaw - Total,Note of - Tawang - Urban,Note of - Tawang - Rural,Note of - Tawang - Total,Note of - West Kameng - Urban,Note of - West Kameng - Rural,Note of - West Kameng - Total,Note of - East Kameng - Urban,Note of - East Kameng - Rural,Note of - East Kameng - Total,Note of - Papum Pare - Urban,Note of - Papum Pare - Rural,Note of - Papum Pare - Total,Note of - Upper Subansiri - Urban,Note of - Upper Subansiri - Rural,Note of - Upper Subansiri - Total,Note of - West Siang - Urban,Note of - West Siang - Rural,Note of - West Siang - Total,Note of - East Siang - Urban,Note of - East Siang - Rural,Note of - East Siang - Total,Note of - Upper Siang - Urban,Note of - Upper Siang - Rural,Note of - Upper Siang - Total,Note of - Changlang - Urban,Note of - Changlang - Rural,Note of - Changlang - Total,Note of - Tirap - Urban,Note of - Tirap - Rural,Note of - Tirap - Total,Note of - Lower Subansiri - Urban,Note of - Lower Subansiri - Rural,Note of - Lower Subansiri - Total,Note of - Kurung Kumey - Urban,Note of - Kurung Kumey - Rural,Note of - Kurung Kumey - Total,Note of - Dibang Valley - Urban,Note of - Dibang Valley - Rural,Note of - Dibang Valley - Total,Note of - Lower Dibang Valley - Urban,Note of - Lower Dibang Valley - Rural,Note of - Lower Dibang Valley - Total,Note of - Lohit - Urban,Note of - Lohit - Rural,Note of - Lohit - Total,Note of - Anjaw - Urban,Note of - Anjaw - Rural,Note of - Anjaw - Total
Households surveyed,43.17,380.59,423.77,171.11,723.33,894.44,237.03,511.63,748.67,1441.88,928.52,2370.4,155.56,686.04,841.59,338.54,800.64,1139.18,332.71,606.98,939.69,51.56,234.81,286.37,184.19,1463.16,1647.35,251.13,946.02,1197.15,107.09,678.22,785.31,21.65,840.19,861.83,0,47.23,47.23,138.68,487.49,626.17,323.79,1214.66,1538.46,12.24,257.17,269.41,NA,NA,NA,NA,NA,NA,NA,NA,NA,NA,NA,NA,NA,NA,NA,NA,NA,NA,NA,NA,NA,NA,NA,NA,NA,NA,NA,NA,NA,NA,NA,NA,NA,NA,NA,NA,NA,NA,NA,NA,NA,NA,NA,NA,NA,NA,NA,NA
Women age 15-49 years interviewed,38.46,333.07,371.53,154.54,655.08,809.63,249.26,493.45,742.71,1471.24,1015.69,2486.93,176.36,646.57,822.93,267.04,740.03,1007.07,292.27,546.91,839.18,41.33,199.23,240.56,195.33,1524.25,1719.57,283.26,1004.27,1287.53,80.57,609.8,690.37,18.63,766.61,785.24,0,34.96,34.96,145.45,453.04,598.49,355.71,1275.28,1630.99,9.28,217.02,226.3,NA,NA,NA,NA,NA,NA,NA,NA,NA,NA,NA,NA,NA,NA,NA,NA,NA,NA,NA,NA,NA,NA,NA,NA,NA,NA,NA,NA,NA,NA,NA,NA,NA,NA,NA,NA,NA,NA,NA,NA,NA,NA,NA,NA,NA,NA,NA,NA
Men age 15-49 years interviewed,3.38,35.15,38.53,15.2,97.39,112.59,35.25,62.39,97.63,206.31,116.57,322.88,25.55,82.57,108.12,26.41,115.49,141.9,40.07,73.34,113.41,5.78,23.61,29.39,37.64,204.78,242.41,60.94,131.89,192.83,15.46,79.53,94.99,3.94,97.93,101.86,0,4.6,4.6,19,70.49,89.49,44.08,179.28,223.36,2.58,29.79,32.36,NA,NA,NA,NA,NA,NA,NA,NA,NA,NA,NA,NA,NA,NA,NA,NA,NA,NA,NA,NA,NA,NA,NA,NA,NA,NA,NA,NA,NA,NA,NA,NA,NA,NA,NA,NA,NA,NA,NA,NA,NA,NA,NA,NA,NA,NA,NA,NA
1. Population (female) age 6+ years who ever attended school (%),72.06,38.2,41.36,79.54,61.28,64.59,71.55,49.8,56.84,83.55,69.17,77.27,77.33,57.57,61.75,82.1,66.76,70.54,80.22,68.9,72.49,79.55,64.22,66.67,84.21,64.56,66.64,86.23,66.45,70.26,79.34,60.83,62.98,61.53,53.9,54.08,NA,63.86,63.86,80.52,62.29,66.28,82.88,66.41,69.8,77.34,62.19,62.68,NA,NA,NA,NA,NA,NA,NA,NA,NA,NA,NA,NA,NA,NA,NA,NA,NA,NA,NA,NA,NA,NA,NA,NA,NA,NA,NA,NA,NA,NA,NA,NA,NA,NA,NA,NA,*,NA,NA,NA,NA,NA,NA,NA,NA,NA,NA,NA
2. Population below age 15 years (%),28.18,27.92,27.94,31.71,31.97,31.93,42.86,39.34,40.46,27.34,33.88,30.21,36.43,32.8,33.56,23.94,26.53,25.91,22.42,27.39,25.83,26.32,24.82,25.07,30.09,33.66,33.3,28.55,32.53,31.81,26.41,28.3,28.07,41.02,36.67,36.77,NA,26.12,26.12,31.92,32.01,31.99,31.12,34.1,33.52,31.38,31.55,31.54,NA,NA,NA,NA,NA,NA,NA,NA,NA,NA,NA,NA,NA,NA,NA,NA,NA,NA,NA,NA,NA,NA,NA,NA,NA,NA,NA,NA,NA,NA,NA,NA,NA,NA,NA,NA,*,NA,NA,NA,NA,NA,NA,NA,NA,NA,NA,NA
3. Sex ratio of the total population (females per 1000 males),1067.81,1059.37,1060.14,1000.51,935.1,946.09,1046.55,977.17,998.7,967.25,991.7,977.9,965.38,993.31,987.44,855.54,881.22,874.93,966.49,948.41,954.04,858.69,906.21,898.14,996.77,961.12,964.67,917.97,878,885.09,995.98,1011.93,1010.02,1036.29,1001.28,1002.09,NA,955.93,955.93,1012.31,939.8,954.97,1054.66,954.22,973.19,902.83,910.28,910.03,NA,NA,NA,NA,NA,NA,NA,NA,NA,NA,NA,NA,NA,NA,NA,NA,NA,NA,NA,NA,NA,NA,NA,NA,NA,NA,NA,NA,NA,NA,NA,NA,NA,NA,NA,NA,*,NA,NA,NA,NA,NA,NA,NA,NA,NA,NA,NA
4. Sex ratio at birth for children born in the last five years (females per 1000 males),NA,939.78,954.98,747.98,1095.85,1027.48,929.1,1054.34,1007.13,798.99,786.21,792.79,811.14,930.18,909.17,NA,915.02,867.19,NA,947.42,942.11,NA,960.29,1037.52,NA,999.28,989.53,NA,1009.07,912.16,NA,893.69,976.42,NA,1111.48,1124.06,NA,1295.86,1295.86,1245.95,706.56,801.25,912.93,821.01,836.49,NA,1143.19,1139.09,*,NA,NA,NA,NA,NA,NA,NA,NA,NA,NA,NA,NA,NA,NA,*,NA,NA,*,NA,NA,*,NA,NA,*,NA,NA,*,NA,NA,*,NA,NA,*,NA,NA,*,NA,NA,NA,NA,NA,NA,NA,NA,*,NA,NA
5. Children under age 5 years whose birth was registered (%),77.01,25.97,29.86,79.04,58.93,62.35,62.11,22.35,35.75,79.58,71.71,75.68,70.1,38.69,44.08,74.74,51.15,55.16,84.55,67.71,72.59,79.83,76.75,77.25,92.17,85.61,86.15,83.89,60.86,63.66,77.6,52.75,55.22,NA,31.7,32.11,NA,51.99,51.99,85.3,62.52,67.57,100,74.16,79.19,NA,73.32,74.46,NA,NA,NA,NA,NA,NA,NA,NA,NA,NA,NA,NA,NA,NA,NA,NA,NA,NA,NA,NA,NA,NA,NA,NA,NA,NA,NA,NA,NA,NA,NA,NA,NA,*,NA,NA,*,NA,NA,NA,NA,NA,NA,NA,NA,*,NA,NA
6. Households with electricity (%),100,94.9,95.42,99.4,97.77,98.08,98.31,28.31,50.47,100,97.27,98.93,100,85.63,88.29,99.6,92.18,94.38,100,95.07,96.82,100,89.98,91.78,98.07,75.84,78.32,100,97.35,97.9,99.22,98.41,98.52,100,91.01,91.23,NA,89.92,89.92,99.6,64.78,72.49,93.48,74.38,78.4,100,89.92,90.38,NA,NA,NA,NA,NA,NA,NA,NA,NA,NA,NA,NA,NA,NA,NA,NA,NA,NA,NA,NA,NA,NA,NA,NA,NA,NA,NA,NA,NA,NA,NA,NA,NA,NA,NA,NA,*,NA,NA,NA,NA,NA,NA,NA,NA,NA,NA,NA
7. Households with an improved drinking-water source1 (%),99.46,94.14,94.68,99.46,93.73,94.82,88.24,74.1,78.57,94.85,86.36,91.53,100,83.08,86.21,97.52,87.74,90.64,100,97.35,98.29,98.03,91.29,92.5,88.75,67.61,69.97,74.98,66.53,68.3,100,97.27,97.64,95.45,92.28,92.36,NA,99.33,99.33,99.36,94.89,95.88,98.91,90.93,92.61,100,86.54,87.15,NA,NA,NA,NA,NA,NA,NA,NA,NA,NA,NA,NA,NA,NA,NA,NA,NA,NA,NA,NA,NA,NA,NA,NA,NA,NA,NA,NA,NA,NA,NA,NA,NA,NA,NA,NA,*,NA,NA,NA,NA,NA,NA,NA,NA,NA,NA,NA
8. Households using improved sanitation facility2 (%),85.39,50.74,54.27,66.74,56.97,58.84,69.77,23.77,38.33,69.69,65.39,68,73.71,56.7,59.85,87.79,71.06,76.03,75.91,71.15,72.84,82.62,55.07,60.03,76.53,53.86,56.4,74.74,49.67,54.93,88.71,70.57,73.04,52.61,46.56,46.71,NA,77.76,77.76,72.21,67.6,68.62,68,58.46,60.46,62.79,44.47,45.31,NA,NA,NA,NA,NA,NA,NA,NA,NA,NA,NA,NA,NA,NA,NA,NA,NA,NA,NA,NA,NA,NA,NA,NA,NA,NA,NA,NA,NA,NA,NA,NA,NA,NA,NA,NA,*,NA,NA,NA,NA,NA,NA,NA,NA,NA,NA,NA
9. Households using clean fuel for cooking3 (%),98.59,39.58,45.59,93.58,47.25,56.12,87.25,13.42,36.8,95.43,67.04,84.31,94.76,25.79,38.54,92.95,30.05,48.74,78.23,26.67,44.93,86.14,8.4,22.4,70.91,20.86,26.45,73.1,7.14,20.97,91.55,60.25,64.52,76.61,38.27,39.24,NA,24.73,24.73,80.38,30.75,41.74,70.01,11.63,23.91,93.47,21.42,24.69,NA,NA,NA,NA,NA,NA,NA,NA,NA,NA,NA,NA,NA,NA,NA,NA,NA,NA,NA,NA,NA,NA,NA,NA,NA,NA,NA,NA,NA,NA,NA,NA,NA,NA,NA,NA,*,NA,NA,NA,NA,NA,NA,NA,NA,NA,NA,NA
10. Households using iodized salt (%),98.38,99.59,99.47,100,99.02,99.21,100,99.56,99.7,99.73,98.06,99.07,99.5,99.2,99.25,99.2,98.45,98.67,99.15,99.7,99.5,98.21,98.64,98.56,97.87,99.84,99.62,99.44,99.09,99.17,99.39,99.61,99.58,97.73,99.28,99.24,NA,99.02,99.02,99.47,98.81,98.95,98.95,100,99.78,100,98.56,98.62,NA,NA,NA,NA,NA,NA,NA,NA,NA,NA,NA,NA,NA,NA,NA,NA,NA,NA,NA,NA,NA,NA,NA,NA,NA,NA,NA,NA,NA,NA,NA,NA,NA,NA,NA,NA,*,NA,NA,NA,NA,NA,NA,NA,NA,NA,NA,NA
11. Households with any usual member covered by a health scheme or health insurance (%),51.51,43.39,44.22,60.73,51.98,53.65,39.33,48.67,45.71,42.17,53.36,46.55,60.64,73.4,71.04,60.79,67.71,65.65,85.47,83.87,84.44,59.48,74.83,72.06,74.9,54.17,56.49,71.06,56.36,59.44,49.32,68.61,65.98,60.4,67.77,67.59,NA,75.15,75.15,60.31,59.41,59.61,47.7,45.29,45.8,62.79,75.89,75.3,NA,NA,NA,NA,NA,NA,NA,NA,NA,NA,NA,NA,NA,NA,NA,NA,NA,NA,NA,NA,NA,NA,NA,NA,NA,NA,NA,NA,NA,NA,NA,NA,NA,NA,NA,NA,*,NA,NA,NA,NA,NA,NA,NA,NA,NA,NA,NA
12. Women who are literate (%),76.36,35.8,40,78.41,57.84,61.77,66.08,41.38,49.67,82.29,65.92,75.6,71.68,52.14,56.33,90.1,70.5,75.7,87.33,78.42,81.53,89.32,71.72,74.75,84.11,61.31,63.9,81.75,68.28,71.24,82.02,62.93,65.16,46.38,44.46,44.51,NA,69.24,69.24,77.77,60.3,64.55,78.59,58,62.49,75.52,63.15,63.66,NA,NA,NA,NA,NA,NA,NA,NA,NA,NA,NA,NA,NA,NA,NA,NA,NA,NA,NA,NA,NA,NA,NA,NA,NA,NA,NA,NA,NA,NA,NA,NA,NA,NA,NA,NA,*,NA,NA,NA,NA,NA,NA,NA,NA,NA,NA,NA
13. Men who are literate (%),NA,53.88,57.41,NA,85.67,87.6,NA,75.71,81.23,92.76,90.93,92.1,83.73,70.08,73.3,NA,88.82,89.21,96.96,89.58,92.18,NA,92.25,93.78,NA,88.68,89.22,88.75,88.12,88.32,NA,90.62,88.52,NA,71.48,71.13,NA,76.59,76.59,NA,79.81,80.72,94.26,67.77,73,NA,84.56,84.65,*,NA,NA,*,NA,NA,*,NA,NA,NA,NA,NA,NA,NA,NA,*,NA,NA,NA,NA,NA,*,NA,NA,*,NA,NA,NA,NA,NA,*,NA,NA,*,NA,NA,*,NA,NA,*,NA,NA,NA,NA,NA,*,NA,NA
14. Women with 10 or more years of schooling (%),46.19,15.22,18.42,45.91,20.55,25.39,41.05,14.33,23.3,57.38,33.88,47.79,46.12,22.48,27.55,61.15,36.8,43.25,60.98,43.41,49.53,47.47,36.82,38.65,49,18.97,22.38,40.54,15.95,21.36,46.39,34.03,35.47,8.74,16.61,16.43,NA,31.19,31.19,45.74,21.99,27.76,38.2,16.79,21.46,28.97,26.02,26.14,NA,NA,NA,NA,NA,NA,NA,NA,NA,NA,NA,NA,NA,NA,NA,NA,NA,NA,NA,NA,NA,NA,NA,NA,NA,NA,NA,NA,NA,NA,NA,NA,NA,NA,NA,NA,*,NA,NA,NA,NA,NA,NA,NA,NA,NA,NA,NA
15. Women age 20-24 years married before age 18 years (%),NA,6.56,7.06,3.67,31.07,25.9,45.07,25.66,34.61,19.42,29.99,23.32,NA,30.35,31.05,NA,22.23,21.22,0.01,21.32,13,NA,17.45,18.78,NA,22.2,19.18,4.81,15.97,13.5,NA,15.59,13.68,NA,37.38,37.84,NA,23.66,23.66,NA,29.35,28.05,32.33,31.81,31.92,NA,25.94,26.35,*,NA,NA,NA,NA,NA,NA,NA,NA,NA,NA,NA,*,NA,NA,*,NA,NA,NA,NA,NA,*,NA,NA,*,NA,NA,NA,NA,NA,*,NA,NA,*,NA,NA,*,NA,NA,*,NA,NA,NA,NA,NA,*,NA,NA
16. Men age 25-29 years married before age 21 years (%),NA,NA,NA,NA,NA,NA,NA,NA,NA,NA,NA,15.86,NA,NA,NA,NA,NA,NA,NA,NA,NA,NA,NA,NA,NA,NA,NA,NA,NA,NA,NA,NA,NA,NA,NA,NA,NA,NA,NA,NA,NA,NA,NA,NA,NA,NA,NA,14.96,*,*,*,*,*,*,*,*,*,*,*,NA,*,*,*,*,*,*,*,*,*,*,*,*,*,*,*,*,*,*,*,*,*,*,*,*,*,*,*,*,*,*,*,*,*,*,*,NA
17. Women age 15-19 years who were already mothers or pregnant at the time of the survey (%),NA,1.76,2.24,NA,19.83,18.84,20.79,14.08,16.58,11.55,13.91,12.5,16.49,7.73,10.67,2.6,10.08,8.21,5.3,5.98,5.7,NA,2.73,2.32,NA,9.76,8.81,2.9,4.96,4.38,NA,7.34,8.9,NA,8.47,9.24,NA,7.03,7.03,3.31,8.24,6.88,7.58,16.69,14.47,NA,13.57,13.11,*,NA,NA,*,NA,NA,NA,NA,NA,NA,NA,NA,NA,NA,NA,NA,NA,NA,NA,NA,NA,*,NA,NA,*,NA,NA,NA,NA,NA,*,NA,NA,*,NA,NA,*,NA,NA,NA,NA,NA,NA,NA,NA,*,NA,NA
18. Any method (%),13.45,23.44,22.27,16.69,19.43,18.93,6.14,4.68,5.15,11.09,15.04,12.82,20.56,17.33,17.95,2.1,11.77,9.29,37.69,30.21,32.54,31.55,40.56,38.92,63.2,62.49,62.56,72.27,54.4,57.76,11.9,10.42,10.57,14.21,12.84,12.87,NA,44.35,44.35,42.38,27.68,31,69.97,65.02,65.99,15.24,24.82,24.45,NA,NA,NA,NA,NA,NA,NA,NA,NA,NA,NA,NA,NA,NA,NA,NA,NA,NA,NA,NA,NA,NA,NA,NA,NA,NA,NA,NA,NA,NA,NA,NA,NA,NA,NA,NA,*,NA,NA,NA,NA,NA,NA,NA,NA,NA,NA,NA
19. Any modern method (%),12.5,23.14,21.9,14.33,19.43,18.5,6.14,4.41,4.97,11.09,14.59,12.63,19.85,17.07,17.61,2.1,11.77,9.29,37.69,28.31,31.23,31.55,39.66,38.19,48.31,47.63,47.69,62.81,39.66,44.02,11.9,9.72,9.95,14.21,11.85,11.91,NA,44.35,44.35,33.23,26.71,28.18,57.49,50.38,51.78,15.24,24.07,23.73,NA,NA,NA,NA,NA,NA,NA,NA,NA,NA,NA,NA,NA,NA,NA,NA,NA,NA,NA,NA,NA,NA,NA,NA,NA,NA,NA,NA,NA,NA,NA,NA,NA,NA,NA,NA,*,NA,NA,NA,NA,NA,NA,NA,NA,NA,NA,NA
20. Female sterilization (%),3.28,4.27,4.16,2.34,3.57,3.34,0.99,0.69,0.79,3.06,6.79,4.7,8.51,6.75,7.09,0.73,5.43,4.23,15.92,17.88,17.27,3.21,12.72,11,18.28,22.75,22.35,25.49,17.35,18.88,3.03,5.05,4.84,7.11,5.47,5.51,NA,13.87,13.87,10.79,9.37,9.69,22.39,23.69,23.44,0.01,8.09,7.77,NA,NA,NA,NA,NA,NA,NA,NA,NA,NA,NA,NA,NA,NA,NA,NA,NA,NA,NA,NA,NA,NA,NA,NA,NA,NA,NA,NA,NA,NA,NA,NA,NA,NA,NA,NA,*,NA,NA,NA,NA,NA,NA,NA,NA,NA,NA,NA
21. Male sterilization (%),0,0,0,0,0,0,0,0,0,0,0,0,0,0,0,0,0,0,0,0,0,0,0,0,0,0,0,0,0.13,0.11,0,0,0,0.01,0,0,NA,0,0,0,0,0,0,0.32,0.26,0.01,0,0,NA,NA,NA,NA,NA,NA,NA,NA,NA,NA,NA,NA,NA,NA,NA,NA,NA,NA,NA,NA,NA,NA,NA,NA,NA,NA,NA,NA,NA,NA,NA,NA,NA,NA,NA,NA,*,NA,NA,NA,NA,NA,NA,NA,NA,NA,NA,NA
22. IUD/PPIUD (%),1.78,3.3,3.13,4.95,5.59,5.47,0.75,0.31,0.45,1.2,1.8,1.46,3.23,2.58,2.7,0,3.69,2.74,12.23,5.08,7.31,10.94,14.77,14.07,0,3.14,2.86,2.21,1.95,2,0,1.65,1.48,7.11,2.64,2.75,NA,13.93,13.93,8.55,6,6.58,10.07,4.21,5.36,7.62,3.09,3.27,NA,NA,NA,NA,NA,NA,NA,NA,NA,NA,NA,NA,NA,NA,NA,NA,NA,NA,NA,NA,NA,NA,NA,NA,NA,NA,NA,NA,NA,NA,NA,NA,NA,NA,NA,NA,*,NA,NA,NA,NA,NA,NA,NA,NA,NA,NA,NA
23. Pill (%),4.57,12.25,11.36,5.26,9.26,8.53,3.64,2.82,3.09,5,5.54,5.24,4.36,4.97,4.85,0.84,2.02,1.72,6.62,4.81,5.38,13.68,8.26,9.24,25.15,19.65,20.15,28.98,18.54,20.51,8.87,2.38,3.06,0.01,2.54,2.48,NA,11.4,11.4,12.6,9.72,10.37,21.6,20.42,20.65,7.62,10.49,10.37,NA,NA,NA,NA,NA,NA,NA,NA,NA,NA,NA,NA,NA,NA,NA,NA,NA,NA,NA,NA,NA,NA,NA,NA,NA,NA,NA,NA,NA,NA,NA,NA,NA,NA,NA,NA,*,NA,NA,NA,NA,NA,NA,NA,NA,NA,NA,NA
24. Condom (%),2,1.23,1.32,1.78,1.01,1.15,0.75,0.59,0.64,1.83,0.46,1.23,3.75,2.38,2.64,0.53,0.62,0.6,2.92,0.53,1.27,3.72,3.91,3.87,4.87,1.92,2.19,6.13,1.17,2.1,0,0.65,0.58,0.01,0.42,0.41,NA,4.53,4.53,0.63,0.62,0.62,2.68,1.18,1.48,0.01,2.21,2.13,NA,NA,NA,NA,NA,NA,NA,NA,NA,NA,NA,NA,NA,NA,NA,NA,NA,NA,NA,NA,NA,NA,NA,NA,NA,NA,NA,NA,NA,NA,NA,NA,NA,NA,NA,NA,*,NA,NA,NA,NA,NA,NA,NA,NA,NA,NA,NA
25. Total unmet need (%),37.26,31.07,31.79,40.29,34.61,35.65,38.89,26.68,30.66,33.59,31.26,32.57,22.78,24.84,24.44,21.64,29.68,27.62,20.26,19.24,19.55,13.71,13.15,13.25,6.51,11.14,10.73,7.28,11.37,10.6,27.62,22.21,22.78,16.45,21.41,21.29,NA,15.36,15.36,18.11,16.92,17.19,8.8,11.04,10.6,26.19,25.09,25.14,NA,NA,NA,NA,NA,NA,NA,NA,NA,NA,NA,NA,NA,NA,NA,NA,NA,NA,NA,NA,NA,NA,NA,NA,NA,NA,NA,NA,NA,NA,NA,NA,NA,NA,NA,NA,*,NA,NA,NA,NA,NA,NA,NA,NA,NA,NA,NA
26. Unmet need for spacing (%),23.37,16.03,16.89,18.69,18.53,18.56,29.27,12.84,18.2,20.66,20.17,20.44,18.57,14.44,15.25,12.52,19.23,17.51,16.08,14.15,14.75,11.52,7.51,8.24,2.66,5.87,5.58,4.92,5.06,5.04,20.53,11.28,12.25,9.78,14.17,14.05,NA,12.62,12.62,6.08,11.51,10.28,3.66,4.42,4.27,6.66,15.02,14.69,NA,NA,NA,NA,NA,NA,NA,NA,NA,NA,NA,NA,NA,NA,NA,NA,NA,NA,NA,NA,NA,NA,NA,NA,NA,NA,NA,NA,NA,NA,NA,NA,NA,NA,NA,NA,*,NA,NA,NA,NA,NA,NA,NA,NA,NA,NA,NA
27. Health worker ever talked to female non-users about family planning5 (%),11.6,10.73,10.82,8.54,9.63,9.42,6.6,7.79,7.39,9.95,10.02,9.98,13.4,17.72,16.87,6.37,7.89,7.45,12.63,19.33,16.99,7.74,6.72,6.93,14.86,18.65,18.14,28.19,19.6,21.58,7.71,8.68,8.57,0.01,7.51,7.33,NA,10.97,10.97,4.14,12.65,10.65,20.24,19.96,20.03,NA,22.91,23.02,NA,NA,NA,NA,NA,NA,NA,NA,NA,NA,NA,NA,NA,NA,NA,NA,NA,NA,NA,NA,NA,NA,NA,NA,NA,NA,NA,NA,NA,NA,NA,NA,NA,NA,NA,NA,*,NA,NA,NA,NA,NA,NA,NA,NA,*,NA,NA
28. Current users ever told about side effects of current method (%),NA,27.92,27.58,NA,40.95,43.68,NA,NA,NA,30.28,13.36,22.73,NA,64.79,59.1,NA,56.72,55.89,NA,64.74,51.37,NA,75.08,72.05,NA,58.04,58.44,NA,52.08,54,NA,NA,NA,NA,61.45,62.59,NA,74.55,74.55,NA,48.68,49.27,67.06,51.95,55.52,NA,41.95,43.28,*,NA,NA,*,NA,NA,*,*,*,NA,NA,NA,*,NA,NA,*,NA,NA,*,NA,NA,*,NA,NA,*,NA,NA,*,NA,NA,*,*,*,*,NA,NA,*,NA,NA,*,NA,NA,NA,NA,NA,*,NA,NA
29. Mothers who had antenatal check-up in the first trimester (%),75.83,25.34,29.46,67.23,56.88,58.66,3.66,4.31,4.08,33.54,33.33,33.44,34.25,19.3,22.08,20.17,37.45,34.24,39.67,37.88,38.43,NA,37.46,41.64,NA,46.04,48.17,63.85,33.46,37.92,NA,34.95,33.63,NA,17.79,17.93,NA,44.72,44.72,41.83,23.56,27.66,71.05,61.03,62.91,NA,26.73,28.79,NA,NA,NA,NA,NA,NA,NA,NA,NA,NA,NA,NA,NA,NA,NA,NA,NA,NA,NA,NA,NA,*,NA,NA,*,NA,NA,NA,NA,NA,*,NA,NA,*,NA,NA,*,NA,NA,NA,NA,NA,NA,NA,NA,*,NA,NA
30. Mothers who had at least 4 antenatal care visits (%),68.24,9.32,14.13,64.66,26.77,33.28,1.28,0.58,0.84,31.75,19.33,26.15,18.59,14.29,15.09,19.13,17.72,17.98,45.07,30.63,35.04,NA,26.17,29.23,NA,35.7,38.87,71.05,22.72,29.81,NA,24.85,22.66,NA,7.72,7.94,NA,20.25,20.25,46.88,16.9,23.63,69.22,44.54,49.19,NA,20.7,20.24,NA,NA,NA,NA,NA,NA,NA,NA,NA,NA,NA,NA,NA,NA,NA,NA,NA,NA,NA,NA,NA,*,NA,NA,*,NA,NA,NA,NA,NA,*,NA,NA,*,NA,NA,*,NA,NA,NA,NA,NA,NA,NA,NA,*,NA,NA
31. Mothers whose last birth was protected against neonatal tetanus6 (%),81.65,35.64,39.39,51.43,53.57,53.2,54.21,21.35,33.38,81.31,65.42,74.14,62.17,59.44,59.95,55.31,50.38,51.29,69.18,79.39,76.27,NA,70.77,72.02,NA,83.32,83.76,97.74,60.39,65.87,NA,43.71,43.97,NA,38.79,38.55,NA,58.68,58.68,86.11,58.55,64.73,91.76,79.58,81.88,NA,73.84,73.5,NA,NA,NA,NA,NA,NA,NA,NA,NA,NA,NA,NA,NA,NA,NA,NA,NA,NA,NA,NA,NA,*,NA,NA,*,NA,NA,NA,NA,NA,*,NA,NA,*,NA,NA,*,NA,NA,NA,NA,NA,NA,NA,NA,*,NA,NA
32. Mothers who consumed iron folic acid for 100 days or more when they were pregnant (%),21.83,7.37,8.55,12.46,5.65,6.82,1.33,2.05,1.79,14.33,8.62,11.76,6.78,0.48,1.65,0.01,1.6,1.3,0.01,9.73,6.75,NA,7.51,8.52,NA,11.52,11.07,27.26,6.24,9.33,NA,10.01,9.55,NA,2.63,2.56,NA,23.99,23.99,3.28,13.07,10.88,19.67,12.85,14.13,NA,4.33,4.51,NA,NA,NA,NA,NA,NA,NA,NA,NA,NA,NA,NA,NA,NA,NA,NA,NA,NA,NA,NA,NA,*,NA,NA,*,NA,NA,NA,NA,NA,*,NA,NA,*,NA,NA,*,NA,NA,NA,NA,NA,NA,NA,NA,*,NA,NA
33. Mothers who had full antenatal care7 (%),17.29,1.25,2.56,8.49,3.25,4.15,0,0,0,1.65,3.02,2.27,0.01,0,0,0.01,1.6,1.3,0.01,6.58,4.57,NA,5.63,6.05,NA,7.36,7.17,18.27,2.9,5.15,NA,3.43,3,NA,0.41,0.4,NA,7.3,7.3,0.01,2.62,2.04,14.16,6.09,7.61,NA,1.62,1.97,NA,NA,NA,NA,NA,NA,NA,NA,NA,NA,NA,NA,NA,NA,NA,NA,NA,NA,NA,NA,NA,*,NA,NA,*,NA,NA,NA,NA,NA,*,NA,NA,*,NA,NA,*,NA,NA,NA,NA,NA,NA,NA,NA,*,NA,NA
34. Registered pregnancies for which the mother received Mother and Child Protection (MCP) card (%),86.3,69.68,73.8,95.63,79.43,82.53,63,72.07,66.49,79.83,81.76,80.56,NA,78.07,82.94,NA,95.65,90.11,96.87,93.78,94.71,NA,93.91,94.92,NA,92.31,92.86,100,92.79,94.09,NA,88.97,86.1,NA,96.74,96,NA,94.64,94.64,92.35,94.92,94.17,98.16,98.46,98.4,NA,82.15,81.93,NA,NA,NA,NA,NA,NA,NA,NA,NA,NA,NA,NA,*,NA,NA,*,NA,NA,NA,NA,NA,*,NA,NA,*,NA,NA,NA,NA,NA,*,NA,NA,*,NA,NA,*,NA,NA,NA,NA,NA,NA,NA,NA,*,NA,NA
35. Mothers who received postnatal care from a doctor/nurse/LHV/ANM/midwife/other health personnel within 2 days of delivery (%),40.89,6.76,9.55,19.17,23.61,22.85,8.13,5,6.14,43.53,26.54,35.87,24.97,14.91,16.78,28.72,23.7,24.63,26.17,33.11,30.98,NA,40.25,43.14,NA,41.88,44.94,83.61,27,35.31,NA,19.2,17.6,NA,17.51,17.01,NA,35.27,35.27,24.81,23.94,24.13,48.89,37.14,39.35,NA,20.93,21.33,NA,NA,NA,NA,NA,NA,NA,NA,NA,NA,NA,NA,NA,NA,NA,NA,NA,NA,NA,NA,NA,*,NA,NA,*,NA,NA,NA,NA,NA,*,NA,NA,*,NA,NA,*,NA,NA,NA,NA,NA,NA,NA,NA,*,NA,NA
36. Mothers who received financial assistance under Janani Suraksha Yojana (JSY) for births delivered in an institution (%),3.2,1.98,2.26,33.85,16.55,20.46,0.01,2.68,1.1,2.09,1.33,1.78,5.37,9.6,8.42,NA,23.97,21.1,10.14,23.17,18.14,NA,23.2,30.29,NA,53.97,54.51,66.02,68.93,67.88,NA,7.21,5.94,NA,9.7,9.35,NA,40.84,40.84,31.76,16.59,21.2,12.52,44.72,35.34,NA,10.68,9.92,NA,NA,NA,NA,NA,NA,NA,NA,NA,NA,NA,NA,NA,NA,NA,*,NA,NA,NA,NA,NA,*,NA,NA,*,NA,NA,NA,NA,NA,*,NA,NA,*,NA,NA,*,NA,NA,NA,NA,NA,NA,NA,NA,*,NA,NA
37. Average out of pocket expenditure per delivery in public health facility (Rs.),NA,7173.64,6659.52,NA,5960.3,5932.31,NA,NA,6387.17,16032.33,6667.88,12082.17,NA,10196.45,9753.57,NA,3679.86,4400.09,NA,5030.99,6508.25,NA,2997.14,4772.79,NA,3360.05,3386.2,2938.52,2896.41,2910.56,NA,6284.45,6049.42,NA,5746.61,5891.96,NA,10164.17,10164.17,NA,4436.25,5052.11,7710.26,3927.42,4863.7,NA,3908.3,3876.17,*,NA,NA,*,NA,NA,*,*,NA,NA,NA,NA,*,NA,NA,*,NA,NA,*,NA,NA,*,NA,NA,*,NA,NA,NA,NA,NA,*,NA,NA,*,NA,NA,*,NA,NA,*,NA,NA,NA,NA,NA,*,NA,NA
38. Children born at home who were taken to a health facility for check-up within 24 hours of birth (%),NA,0,0,NA,0,0,0.01,0,0,NA,0,0,NA,0,0,NA,1.11,1.02,NA,0.01,2.38,NA,0.01,0,NA,0.85,0.84,NA,2.03,2.01,NA,0,0,NA,0,0,NA,0.52,0.52,NA,0,0,NA,0.98,0.9,NA,2.72,2.59,*,NA,NA,*,NA,NA,NA,NA,NA,*,NA,NA,*,NA,NA,*,NA,NA,*,NA,NA,*,NA,NA,*,NA,NA,*,NA,NA,*,NA,NA,*,NA,NA,*,NA,NA,*,NA,NA,*,NA,NA,*,NA,NA
39. Children who received postnatal care from a doctor/nurse/LHV/ANM/midwife/other health personnel within 2 days of delivery (%),0.01,0.59,0.54,0.01,2.77,2.29,1.28,0,0.47,0.48,2.98,1.61,0.01,2.37,1.93,3.62,6.71,6.13,4.81,6.31,5.85,NA,7.38,8,NA,23.27,24.73,29.41,14.44,16.64,NA,1.45,1.27,NA,1.99,1.93,NA,11.96,11.96,0.01,1.71,1.33,21.3,16.9,17.73,NA,5.94,5.58,NA,NA,NA,NA,NA,NA,NA,NA,NA,NA,NA,NA,NA,NA,NA,NA,NA,NA,NA,NA,NA,*,NA,NA,*,NA,NA,NA,NA,NA,*,NA,NA,*,NA,NA,*,NA,NA,NA,NA,NA,NA,NA,NA,*,NA,NA
40. Institutional births (%),89.78,25.66,30.34,81.58,52.02,56.98,56.42,20.88,33.79,89.71,70.84,80.63,70.81,39.48,44.68,79.14,44.45,50.17,89.31,60.13,68.63,83.59,63.35,66.36,NA,49.01,51.51,93.36,26.28,34.5,NA,56.89,60.45,NA,29.2,29.61,NA,51.87,51.87,82.33,52.33,58.97,76.46,40.95,47.03,NA,50.53,51.38,NA,NA,NA,NA,NA,NA,NA,NA,NA,NA,NA,NA,NA,NA,NA,NA,NA,NA,NA,NA,NA,NA,NA,NA,*,NA,NA,NA,NA,NA,*,NA,NA,*,NA,NA,*,NA,NA,NA,NA,NA,NA,NA,NA,*,NA,NA
41. Institutional births in public facility (%),77.95,24.44,28.35,70.19,40.33,45.34,48,17.14,28.36,49.96,51.67,50.78,63.14,37.25,41.54,77.1,42.63,48.32,87.47,57.49,66.22,83.59,61.5,64.79,NA,38.9,41.42,83.51,25.5,32.61,NA,55.11,58.85,NA,24.53,25.07,NA,43.8,43.8,66.26,50.08,53.66,57.79,37,40.56,NA,45.66,45.75,NA,NA,NA,NA,NA,NA,NA,NA,NA,NA,NA,NA,NA,NA,NA,NA,NA,NA,NA,NA,NA,NA,NA,NA,*,NA,NA,NA,NA,NA,*,NA,NA,*,NA,NA,*,NA,NA,NA,NA,NA,NA,NA,NA,*,NA,NA
42. Home delivery conducted by skilled health personnel (out of total deliveries) (%),2.57,4.2,4.08,1.83,2.32,2.24,5.76,1.98,3.35,1.25,2.17,1.69,1.8,3.82,3.49,4.12,1.79,2.17,0.01,4.62,3.27,0.01,3.14,2.67,NA,1.22,1.14,0.01,0.38,0.34,NA,4.2,4.18,NA,2.01,1.96,NA,1.41,1.41,0,0.94,0.73,0,2.05,1.7,NA,7.24,6.8,NA,NA,NA,NA,NA,NA,NA,NA,NA,NA,NA,NA,NA,NA,NA,NA,NA,NA,NA,NA,NA,NA,NA,NA,*,NA,NA,NA,NA,NA,*,NA,NA,*,NA,NA,*,NA,NA,NA,NA,NA,NA,NA,NA,*,NA,NA
43. Births assisted by a doctor/nurse/LHV/ANM/other health personnel (%),89.99,28.68,33.16,83.41,51.44,56.8,60.37,22.22,36.09,91.86,70.59,81.62,70.81,42.3,47.03,77.4,46.99,52,86.58,64.22,70.73,83.59,66.49,69.03,NA,49.93,52.37,93.36,26.35,34.56,NA,61.09,64.63,NA,31.35,31.7,NA,53.03,53.03,82.33,52.47,59.08,76.46,42.34,48.18,NA,57.47,57.89,NA,NA,NA,NA,NA,NA,NA,NA,NA,NA,NA,NA,NA,NA,NA,NA,NA,NA,NA,NA,NA,NA,NA,NA,*,NA,NA,NA,NA,NA,*,NA,NA,*,NA,NA,*,NA,NA,NA,NA,NA,NA,NA,NA,*,NA,NA
44. Births delivered by caesarean section (%),18.89,4.73,5.77,10.56,8.78,9.08,5.14,2.08,3.19,31.44,12.08,22.12,19.49,4.57,7.05,22.8,5.23,8.13,6.51,4.2,4.87,22.7,5.54,8.09,NA,8.85,9.19,15.45,0.65,2.47,NA,11.22,11.98,NA,2.16,2.1,NA,6.97,6.97,10.15,3.84,5.24,14.35,4.83,6.46,NA,4.31,4.8,NA,NA,NA,NA,NA,NA,NA,NA,NA,NA,NA,NA,NA,NA,NA,NA,NA,NA,NA,NA,NA,NA,NA,NA,*,NA,NA,NA,NA,NA,*,NA,NA,*,NA,NA,*,NA,NA,NA,NA,NA,NA,NA,NA,*,NA,NA
45. Births in a private health facility delivered by caesarean section (%),NA,NA,NA,NA,23.05,28.66,NA,NA,NA,37.48,17.33,31.24,NA,NA,NA,NA,NA,NA,NA,NA,NA,NA,NA,NA,NA,66.75,68.66,NA,NA,NA,NA,NA,NA,NA,NA,NA,NA,NA,NA,NA,NA,NA,NA,NA,49.14,NA,NA,NA,*,*,*,*,NA,NA,*,*,*,NA,NA,NA,*,*,*,*,*,*,*,*,*,*,*,*,*,NA,NA,*,*,*,*,*,*,*,*,*,*,*,*,*,*,*,*,*,NA,*,*,*
46. Births in a public health facility delivered by caesarean section (%),12.36,16.43,15.61,5.76,15.09,12.66,4.35,6.89,5.33,33.12,16.95,25.2,20.86,11.35,13.75,NA,12.27,16.82,7.44,6.21,6.68,NA,6,10.06,NA,5.41,5.46,6.71,2.57,3.87,NA,19.32,19.49,NA,5.95,5.67,NA,5.65,5.65,0.01,6.03,4.38,9.87,7.51,8.09,NA,5.67,5.31,NA,NA,NA,NA,NA,NA,NA,NA,NA,NA,NA,NA,NA,NA,NA,*,NA,NA,NA,NA,NA,*,NA,NA,*,NA,NA,NA,NA,NA,*,NA,NA,*,NA,NA,*,NA,NA,NA,NA,NA,NA,NA,NA,*,NA,NA
47. Children age 12-23 months fully immunized (BCG measles and 3 doses each of polio/DPT) (%),NA,25.83,27.8,NA,24.27,24.99,NA,4.81,11.94,39.71,28.45,34.92,NA,19.64,21.88,NA,38.54,34.42,NA,54.85,45.47,NA,NA,NA,NA,76.95,79.5,NA,43.71,45.33,NA,37.53,40.13,NA,17.81,17.42,NA,40.78,40.78,NA,37.55,37.26,NA,48.17,56.53,NA,34.49,35.84,*,NA,NA,*,NA,NA,*,NA,NA,NA,NA,NA,*,NA,NA,*,NA,NA,*,NA,NA,*,*,*,*,NA,NA,*,NA,NA,*,NA,NA,*,NA,NA,*,NA,NA,*,NA,NA,*,NA,NA,*,NA,NA
48. Children age 12-23 months who have received BCG (%),NA,64.75,65.34,NA,64.04,67.67,NA,32.47,37.17,87.46,70.17,80.1,NA,57.84,60.43,NA,76.86,74.43,NA,82.33,83.57,NA,NA,NA,NA,93.06,93.83,NA,56.26,62.95,NA,66.31,68.83,NA,50.27,49.17,NA,84.37,84.37,NA,79.16,74.42,NA,80.34,84.5,NA,74.8,75.44,*,NA,NA,*,NA,NA,*,NA,NA,NA,NA,NA,*,NA,NA,*,NA,NA,*,NA,NA,*,*,*,*,NA,NA,*,NA,NA,*,NA,NA,*,NA,NA,*,NA,NA,*,NA,NA,*,NA,NA,*,NA,NA
49. Children age 12-23 months who have received 3 doses of polio vaccine (%),NA,45.44,47.38,NA,43.01,44.36,NA,22.1,27.59,70.74,38,56.8,NA,37.5,38.64,NA,53.4,45.54,NA,61.14,58.38,NA,NA,NA,NA,76.95,79.5,NA,57.2,60.26,NA,58.64,59.92,NA,31.66,30.96,NA,55.86,55.86,NA,63.97,62.62,NA,68.12,72.26,NA,51.87,51.47,*,NA,NA,*,NA,NA,*,NA,NA,NA,NA,NA,*,NA,NA,*,NA,NA,*,NA,NA,*,*,*,*,NA,NA,*,NA,NA,*,NA,NA,*,NA,NA,*,NA,NA,*,NA,NA,*,NA,NA,*,NA,NA
50. Children age 12-23 months who have received 3 doses of DPT vaccine (%),NA,37.27,38.84,NA,38.68,43.57,NA,11.22,17.4,63.64,53.77,59.44,NA,29.45,31.08,NA,47.36,44.01,NA,70.22,57.12,NA,NA,NA,NA,81.72,83.74,NA,56.82,63.42,NA,56.19,56.09,NA,29.26,28.62,NA,73.34,73.34,NA,55.21,53.04,NA,66.39,72.33,NA,51.28,52.82,*,NA,NA,*,NA,NA,*,NA,NA,NA,NA,NA,*,NA,NA,*,NA,NA,*,NA,NA,*,*,*,*,NA,NA,*,NA,NA,*,NA,NA,*,NA,NA,*,NA,NA,*,NA,NA,*,NA,NA,*,NA,NA
51. Children age 12-23 months who have received measles vaccine (%),NA,44.84,46.8,NA,48.1,47.83,NA,11.27,17.43,61.93,50.16,56.92,NA,39.75,41.91,NA,68.23,70.75,NA,76.04,78.79,NA,NA,NA,NA,81.72,83.74,NA,64.54,62.98,NA,50.52,52.97,NA,28.79,28.16,NA,70.37,70.37,NA,59.89,57.21,NA,56.91,66.03,NA,54.03,56.76,*,NA,NA,*,NA,NA,*,NA,NA,NA,NA,NA,*,NA,NA,*,NA,NA,*,NA,NA,*,*,*,*,NA,NA,*,NA,NA,*,NA,NA,*,NA,NA,*,NA,NA,*,NA,NA,*,NA,NA,*,NA,NA
52. Children age 12-23 months who have received 3 doses of Hepatitis B vaccine (%),NA,28.46,30.35,NA,28.26,33.86,NA,6.79,14.82,43.57,34.58,39.74,NA,21.84,20.5,NA,44.88,39.17,NA,55.72,51.43,NA,NA,NA,NA,69.86,73.2,NA,44.47,52.96,NA,34,37.11,NA,14.65,14.33,NA,54.53,54.53,NA,31.74,30.12,NA,57.95,65.68,NA,41.43,40.2,*,NA,NA,*,NA,NA,*,NA,NA,NA,NA,NA,*,NA,NA,*,NA,NA,*,NA,NA,*,*,*,*,NA,NA,*,NA,NA,*,NA,NA,*,NA,NA,*,NA,NA,*,NA,NA,*,NA,NA,*,NA,NA
53. Children age 9-59 months who received a vitamin A dose in last 6 months (%),61.73,29.94,32.38,62.63,41.96,45.41,27.69,15.64,20.03,49.8,53.17,51.48,77.73,49.5,53.88,30.83,48.72,45.76,75.02,56.45,62.12,NA,51.05,49.58,NA,24.76,25.66,35.98,19.94,21.79,NA,45.29,43.83,NA,22.7,22.85,NA,23.64,23.64,65.2,42.09,47.36,51.69,39.62,41.76,NA,48.26,49.34,NA,NA,NA,NA,NA,NA,NA,NA,NA,NA,NA,NA,NA,NA,NA,NA,NA,NA,NA,NA,NA,*,NA,NA,*,NA,NA,NA,NA,NA,*,NA,NA,*,NA,NA,*,NA,NA,NA,NA,NA,NA,NA,NA,*,NA,NA
54. Children age 12-23 months who received most of the vaccinations in public health facility (%),NA,96.22,96.38,NA,85.73,89.09,NA,94.18,96.25,77.24,91.47,82.84,NA,87.58,88.67,NA,100,100,NA,NA,100,NA,NA,NA,NA,97.51,97.79,NA,100,100,NA,100,100,NA,89.33,89.33,NA,86.97,86.97,NA,96.81,97.13,NA,98.07,98.52,NA,100,100,*,NA,NA,*,NA,NA,*,NA,NA,NA,NA,NA,*,NA,NA,*,NA,NA,*,*,NA,*,*,*,*,NA,NA,*,NA,NA,*,NA,NA,*,NA,NA,*,NA,NA,*,NA,NA,*,NA,NA,*,NA,NA
55. Children age 12-23 months who received most of the vaccinations in private health facility (%),NA,0.01,0.01,NA,14.27,10.91,NA,5.82,3.75,20.26,8.53,15.65,NA,12.42,11.33,NA,0.01,0.01,NA,NA,0.01,NA,NA,NA,NA,2.49,2.21,NA,0.01,0.01,NA,0.01,0.01,NA,10.67,10.67,NA,11.8,11.8,NA,3.19,2.87,NA,0,0,NA,0.01,0.01,*,NA,NA,*,NA,NA,*,NA,NA,NA,NA,NA,*,NA,NA,*,NA,NA,*,*,NA,*,*,*,*,NA,NA,*,NA,NA,*,NA,NA,*,NA,NA,*,NA,NA,*,NA,NA,*,NA,NA,*,NA,NA
56. Prevalence of diarrhoea (reported) in the last 2 weeks preceding the survey (%),7.24,5.59,5.71,11.08,6.81,7.54,8.58,6.63,7.34,6.38,14.29,10.18,23.08,8.89,11.26,6.16,4.1,4.45,7.88,13.83,12.1,11.38,6.77,7.46,NA,3.18,3.28,0.01,4.09,3.58,NA,4.74,4.86,NA,4.92,4.94,NA,0.55,0.55,4.08,4.54,4.44,2.58,3.33,3.2,NA,11.26,10.59,NA,NA,NA,NA,NA,NA,NA,NA,NA,NA,NA,NA,NA,NA,NA,NA,NA,NA,NA,NA,NA,NA,NA,NA,*,NA,NA,NA,NA,NA,*,NA,NA,*,NA,NA,*,NA,NA,NA,NA,NA,NA,NA,NA,*,NA,NA
57. Children with diarrhoea in the last 2 weeks who received oral rehydration salts (ORS) (%),NA,NA,NA,NA,NA,NA,NA,NA,70.96,NA,76.09,75.35,NA,72.94,75.21,NA,NA,NA,NA,NA,NA,NA,NA,NA,NA,NA,NA,NA,NA,NA,NA,NA,NA,NA,NA,NA,NA,NA,NA,NA,NA,NA,NA,NA,NA,NA,93.39,93.39,*,*,*,*,*,*,*,*,NA,*,NA,NA,*,NA,NA,*,*,*,*,*,*,*,*,*,*,*,*,*,*,*,*,*,*,*,*,*,*,*,*,*,*,*,*,*,*,*,NA,NA
58. Children with diarrhoea in the last 2 weeks who received zinc (%),NA,NA,NA,NA,NA,NA,NA,NA,23.68,NA,48.44,39.84,NA,35.45,45.23,NA,NA,NA,NA,NA,NA,NA,NA,NA,NA,NA,NA,NA,NA,NA,NA,NA,NA,NA,NA,NA,NA,NA,NA,NA,NA,NA,NA,NA,NA,NA,72.32,72.32,*,*,*,*,*,*,*,*,NA,*,NA,NA,*,NA,NA,*,*,*,*,*,*,*,*,*,*,*,*,*,*,*,*,*,*,*,*,*,*,*,*,*,*,*,*,*,*,*,NA,NA
59. Children with diarrhoea in the last 2 weeks taken to a health facility (%),NA,NA,NA,NA,NA,NA,NA,NA,41.82,NA,53.03,56,NA,39.24,45.04,NA,NA,NA,NA,NA,NA,NA,NA,NA,NA,NA,NA,NA,NA,NA,NA,NA,NA,NA,NA,NA,NA,NA,NA,NA,NA,NA,NA,NA,NA,NA,24.51,24.51,*,*,*,*,*,*,*,*,NA,*,NA,NA,*,NA,NA,*,*,*,*,*,*,*,*,*,*,*,*,*,*,*,*,*,*,*,*,*,*,*,*,*,*,*,*,*,*,*,NA,NA
60. Prevalence of symptoms of acute respiratory infection (ARI) in the last 2 weeks preceding the survey (%),4.05,0.58,0.83,1.79,1.85,1.84,0,0.56,0.35,0.77,4.57,2.59,12.95,1.49,3.41,0.01,0.54,0.45,1.96,7.56,5.93,0.01,0,0,NA,4.45,4.18,0.01,4.13,3.62,NA,0,0,NA,0.75,0.73,NA,1.2,1.2,0,1.48,1.15,0,1.3,1.07,NA,2.29,2.15,NA,NA,NA,NA,NA,NA,NA,NA,NA,NA,NA,NA,NA,NA,NA,NA,NA,NA,NA,NA,NA,NA,NA,NA,*,NA,NA,NA,NA,NA,*,NA,NA,*,NA,NA,*,NA,NA,NA,NA,NA,NA,NA,NA,*,NA,NA
61. Children with fever or symptoms of ARI in the last 2 weeks preceding the survey taken to a health facility (%),NA,NA,NA,NA,46.46,45.16,NA,20.27,9.48,60.58,55.99,58.41,NA,40.29,45.96,NA,NA,NA,NA,NA,NA,NA,NA,NA,NA,27.58,29.68,NA,11.76,14.33,NA,NA,NA,NA,34.73,33.96,NA,NA,NA,NA,NA,NA,NA,37.72,44.95,NA,NA,NA,*,*,*,*,NA,NA,*,NA,NA,NA,NA,NA,*,NA,NA,*,*,*,*,*,*,*,*,*,*,NA,NA,*,NA,NA,*,*,*,*,NA,NA,*,*,*,*,*,*,*,NA,NA,*,*,*
62. Children under age 3 years breastfed within one hour of birth8 (%),NA,49.49,48.73,68.04,67.9,67.93,45.66,58.87,54.27,45.72,27.24,37.38,31.79,66.77,60.95,NA,67.12,65.96,NA,38.21,41,NA,46.05,48.49,NA,69.62,68.56,NA,73.06,73.92,NA,53.51,55.68,NA,54.36,53.76,NA,66.06,66.06,43.82,46.18,45.68,78.76,80.61,80.24,NA,53.46,53.92,*,NA,NA,NA,NA,NA,NA,NA,NA,NA,NA,NA,NA,NA,NA,*,NA,NA,*,NA,NA,*,NA,NA,*,NA,NA,*,NA,NA,*,NA,NA,*,NA,NA,*,NA,NA,NA,NA,NA,NA,NA,NA,*,NA,NA
63. Children under age 6 months exclusively breastfed9 (%),NA,NA,NA,NA,50.3,48.7,NA,29.06,21.66,54,43.35,50.58,NA,NA,NA,NA,NA,NA,NA,NA,NA,NA,NA,NA,NA,71.56,73.1,NA,NA,NA,NA,NA,NA,NA,70.8,68.93,NA,NA,NA,NA,NA,74.12,NA,67.2,65.46,NA,NA,NA,*,*,*,*,NA,NA,*,NA,NA,NA,NA,NA,*,*,*,*,*,*,*,*,*,*,*,*,*,NA,NA,*,*,*,*,*,*,*,NA,NA,*,*,*,*,*,NA,*,NA,NA,*,*,*
64. Children age 6-8 months receiving solid or semi-solid food and breastmilk9 (%),NA,NA,NA,NA,NA,NA,NA,NA,48.88,NA,NA,40.8,NA,NA,NA,NA,NA,NA,NA,NA,NA,NA,NA,NA,NA,NA,NA,NA,NA,NA,NA,NA,NA,NA,NA,NA,NA,NA,NA,NA,NA,NA,NA,NA,NA,NA,NA,NA,*,*,*,*,*,*,*,*,NA,*,*,NA,*,*,*,*,*,*,*,*,*,*,*,*,*,*,*,*,*,*,*,*,*,*,*,*,*,*,*,*,*,*,*,*,*,*,*,*
65. Breastfeeding children age 6-23 months receiving an adequate diet9 10 (%),NA,20.15,20.2,NA,23.85,20.28,NA,7.07,10.27,11.69,8.05,10.27,NA,28.9,27.57,NA,19.57,17.27,NA,6.19,5.23,NA,NA,NA,NA,8.19,7.63,NA,7.66,6.6,NA,24.44,20.27,NA,7.97,7.68,NA,10.29,10.29,NA,14.47,12.48,7.06,12.76,11.47,NA,16.29,16.73,*,NA,NA,*,NA,NA,*,NA,NA,NA,NA,NA,*,NA,NA,*,NA,NA,*,NA,NA,*,*,*,*,NA,NA,*,NA,NA,*,NA,NA,*,NA,NA,*,NA,NA,*,NA,NA,NA,NA,NA,*,NA,NA
66. Non-breastfeeding children age 6-23 months receiving an adequate diet9 10 (%),NA,NA,NA,NA,NA,NA,NA,NA,4.11,NA,31.53,29.98,NA,NA,NA,NA,NA,NA,NA,NA,NA,NA,NA,NA,NA,NA,NA,NA,NA,NA,NA,NA,NA,NA,NA,NA,NA,NA,NA,NA,NA,NA,NA,NA,NA,NA,NA,NA,*,*,*,*,*,*,*,*,NA,*,NA,NA,*,*,*,*,*,*,*,*,*,*,*,*,*,*,*,*,*,*,*,*,*,*,*,*,*,*,*,*,*,*,*,*,*,*,*,*
67. Total children age 6-23 months receiving an adequate diet9 10 (%),NA,19.84,20.48,NA,26,26.07,12.35,7.07,9.09,12.99,14.15,13.5,NA,32.14,31.98,NA,20.03,17.86,NA,12.94,11,NA,NA,4.4,NA,7.92,7.3,NA,7.57,6.53,NA,23.86,20.36,NA,7.4,7.15,NA,9.63,9.63,NA,17.34,15.04,6.57,12,10.76,NA,25.21,23.91,*,NA,NA,*,NA,NA,NA,NA,NA,NA,NA,NA,*,NA,NA,*,NA,NA,*,NA,NA,*,*,NA,*,NA,NA,*,NA,NA,*,NA,NA,*,NA,NA,*,NA,NA,*,NA,NA,NA,NA,NA,*,NA,NA
68. Children under 5 years who are stunted11 (%),6.62,21.93,20.47,21.12,28.93,27.32,46.25,39.98,41.98,19.3,31.15,25.26,29.68,28.02,28.29,NA,36.4,34.74,21.3,20.9,21.03,NA,21.5,24.57,NA,23.9,23.48,36.19,40.13,39.67,NA,33.94,35.08,NA,38.99,38.93,NA,38.77,38.77,18.04,23.6,22.3,18.58,28.67,26.96,NA,21.12,21,NA,NA,NA,NA,NA,NA,NA,NA,NA,NA,NA,NA,NA,NA,NA,*,NA,NA,NA,NA,NA,*,NA,NA,*,NA,NA,NA,NA,NA,*,NA,NA,*,NA,NA,*,NA,NA,NA,NA,NA,NA,NA,NA,*,NA,NA
69. Children under 5 years who are wasted11 (%),13.66,19.97,19.37,13.76,5.56,7.24,1.3,21.53,15.09,6.98,12.02,9.52,11.69,12.4,12.29,NA,16.98,19.22,24.37,15.11,18.07,NA,31.78,29.42,NA,16.82,16.03,12.48,26.84,25.17,NA,24.85,23.89,NA,23.09,23.2,NA,7.83,7.83,13.9,24.06,21.68,18.43,21.94,21.35,NA,18.72,18.3,NA,NA,NA,NA,NA,NA,NA,NA,NA,NA,NA,NA,NA,NA,NA,*,NA,NA,NA,NA,NA,*,NA,NA,*,NA,NA,NA,NA,NA,*,NA,NA,*,NA,NA,*,NA,NA,NA,NA,NA,NA,NA,NA,*,NA,NA
70. Children under 5 years who are severely wasted12 (%),7.84,5.88,6.06,8.71,3.22,4.35,1.3,9.33,6.77,1.52,4.09,2.81,4,5.3,5.09,NA,7,6.06,18.48,10.63,13.14,NA,18.37,15.9,NA,6.71,6.3,0.01,12.78,11.3,NA,13.95,13.41,NA,13.6,13.75,NA,4.57,4.57,8.29,13.63,12.38,6.04,9.73,9.1,NA,10.75,10.05,NA,NA,NA,NA,NA,NA,NA,NA,NA,NA,NA,NA,NA,NA,NA,*,NA,NA,NA,NA,NA,*,NA,NA,*,NA,NA,NA,NA,NA,*,NA,NA,*,NA,NA,*,NA,NA,NA,NA,NA,NA,NA,NA,*,NA,NA
71. Children under 5 years who are underweight11 (%),3.08,8.59,8.07,13.46,11.08,11.57,17.58,21.89,20.52,7.95,15.14,11.57,15.43,11.6,12.23,NA,23.75,21.25,27.17,12,16.85,NA,23.57,21.47,NA,20.41,20.07,29.47,35.74,35.01,NA,22.64,21.77,NA,26.08,26.11,NA,14.9,14.9,12.67,16.27,15.43,18.58,24.95,23.87,NA,10.1,10.35,NA,NA,NA,NA,NA,NA,NA,NA,NA,NA,NA,NA,NA,NA,NA,*,NA,NA,NA,NA,NA,*,NA,NA,*,NA,NA,NA,NA,NA,*,NA,NA,*,NA,NA,*,NA,NA,NA,NA,NA,NA,NA,NA,*,NA,NA
72. Women whose Body Mass Index (BMI) is below normal (BMI <18.5 kg/m2) (%),2.83,3.39,3.33,2.78,8.32,7.19,5.9,7.37,6.88,8.99,10.12,9.46,12,10.1,10.51,3.88,5.78,5.26,4.97,4.71,4.8,7.15,8.45,8.22,11.34,9.02,9.3,9.05,6.09,6.75,5.87,5.34,5.4,0.01,3.36,3.27,NA,7.35,7.35,11.5,8.45,9.2,16.18,17.59,17.28,12.31,3.83,4.17,NA,NA,NA,NA,NA,NA,NA,NA,NA,NA,NA,NA,NA,NA,NA,NA,NA,NA,NA,NA,NA,NA,NA,NA,NA,NA,NA,NA,NA,NA,NA,NA,NA,NA,NA,NA,*,NA,NA,NA,NA,NA,NA,NA,NA,NA,NA,NA
73. Men whose Body Mass Index (BMI) is below normal (BMI <18.5 kg/m2) (%),NA,4.94,5.04,NA,7.86,7.54,NA,4.54,5.94,11.42,8.87,10.51,NA,9.47,9.27,NA,3.21,2.59,3.04,6.83,5.49,NA,3.02,2.44,NA,9.26,10.35,10.28,7,8.06,NA,5.04,4.24,NA,3.17,3.05,NA,5.79,5.79,NA,5.91,4.64,9.93,18.3,16.64,NA,3.2,2.98,*,NA,NA,*,NA,NA,*,NA,NA,NA,NA,NA,*,NA,NA,*,NA,NA,NA,NA,NA,*,NA,NA,*,NA,NA,NA,NA,NA,*,NA,NA,*,NA,NA,*,NA,NA,*,NA,NA,NA,NA,NA,*,NA,NA
74. Women who are overweight or obese (BMI >=25.0 kg/m2) (%),33.99,27.99,28.6,49.01,29.15,33.19,20.68,14.96,16.87,29.76,21.83,26.46,20.49,14.14,15.5,25.13,19.86,21.3,21.87,22.8,22.49,18.17,19.19,19.01,23.11,12.09,13.42,15.31,4.39,6.85,13.04,19.42,18.71,12.54,12.37,12.37,NA,25.81,25.81,18.37,15.9,16.51,25.19,13.12,15.77,30.77,18.43,18.92,NA,NA,NA,NA,NA,NA,NA,NA,NA,NA,NA,NA,NA,NA,NA,NA,NA,NA,NA,NA,NA,NA,NA,NA,NA,NA,NA,NA,NA,NA,NA,NA,NA,NA,NA,NA,*,NA,NA,NA,NA,NA,NA,NA,NA,NA,NA,NA
75. Men who are overweight or obese (BMI >=25.0 kg/m2) (%),NA,29.05,29.21,NA,15.12,20.33,NA,15.08,17.28,27.13,27.62,27.31,NA,14.4,16.05,NA,16.65,20.3,49.24,32.19,38.21,NA,35.06,41.08,NA,11.05,11.42,10.14,8.52,9.05,NA,26.86,24.16,NA,26.25,25.72,NA,17.49,17.49,NA,16.55,17.69,28.15,15.21,17.78,NA,24.71,25.31,*,NA,NA,*,NA,NA,*,NA,NA,NA,NA,NA,*,NA,NA,*,NA,NA,NA,NA,NA,*,NA,NA,*,NA,NA,NA,NA,NA,*,NA,NA,*,NA,NA,*,NA,NA,*,NA,NA,NA,NA,NA,*,NA,NA
76. Children age 6-59 months who are anaemic (<11.0 g/dl) (%),18.75,44.92,42.35,38.49,38.78,38.72,47.83,40.25,42.51,56.46,50.71,53.49,56.02,48.52,49.83,32.14,32.69,32.59,47.01,47.54,47.37,NA,39.96,44.1,NA,65.16,63.48,44.64,56.03,54.81,NA,44.92,45.48,NA,44.37,44.49,NA,31.93,31.93,58.38,59.27,59.07,45.93,59.01,56.77,NA,54.96,53.68,NA,NA,NA,NA,NA,NA,NA,NA,NA,NA,NA,NA,NA,NA,NA,NA,NA,NA,NA,NA,NA,*,NA,NA,*,NA,NA,NA,NA,NA,*,NA,NA,*,NA,NA,*,NA,NA,NA,NA,NA,NA,NA,NA,*,NA,NA
77. Non-pregnant women age 15-49 years who are anaemic (<12.0 g/dl) (%),11.44,25.56,24.11,16.66,26.46,24.52,25.84,27.41,26.88,47.89,38.21,43.88,44.55,38.5,39.79,35.96,36.07,36.04,31.85,35.02,33.96,41.15,23.24,26.42,43.29,56.49,54.92,35.36,45.06,42.86,47.07,37.06,38.16,20.39,27.95,27.76,NA,23.13,23.13,39.13,38.98,39.02,46.87,57.01,54.78,23.84,28.4,28.21,NA,NA,NA,NA,NA,NA,NA,NA,NA,NA,NA,NA,NA,NA,NA,NA,NA,NA,NA,NA,NA,NA,NA,NA,NA,NA,NA,NA,NA,NA,NA,NA,NA,NA,NA,NA,*,NA,NA,NA,NA,NA,NA,NA,NA,NA,NA,NA
78. Pregnant women age 15-49 years who are anaemic (<11.0 g/dl) (%),NA,40.3,37.14,NA,NA,NA,NA,20.92,23.47,53.92,NA,48.71,NA,34.43,35.04,NA,11.96,13.69,10.48,25.86,17.66,NA,1.5,2.89,NA,42.6,41.89,NA,25.59,30.5,NA,NA,NA,NA,24.18,23.89,NA,19.55,19.55,NA,33.11,32.9,NA,59.29,59.73,NA,24.91,25.21,*,NA,NA,*,*,*,*,NA,NA,NA,*,NA,*,NA,NA,*,NA,NA,NA,NA,NA,*,NA,NA,*,NA,NA,*,NA,NA,*,*,*,*,NA,NA,*,NA,NA,*,NA,NA,*,NA,NA,*,NA,NA
79. All women age 15-49 years who are anaemic (%),10.93,26.43,24.86,16.15,26.57,24.51,26.12,27.03,26.73,48.07,38.27,44.02,44.31,38.3,39.57,35.45,35.09,35.18,29.56,34.56,32.82,39.35,21.37,24.5,42.92,55.6,54.16,36.63,43.31,41.84,45.61,37.34,38.24,19.77,27.73,27.53,NA,22.92,22.92,38.89,38.68,38.73,47.25,57.12,54.99,24.38,28.19,28.03,NA,NA,NA,NA,NA,NA,NA,NA,NA,NA,NA,NA,NA,NA,NA,NA,NA,NA,NA,NA,NA,NA,NA,NA,NA,NA,NA,NA,NA,NA,NA,NA,NA,NA,NA,NA,*,NA,NA,NA,NA,NA,NA,NA,NA,NA,NA,NA
80. Men age 15-49 years who are anaemic (<13.0 g/dl) (%),NA,17.12,15.9,NA,5.2,4.42,NA,18.74,14.43,17.67,10.71,15.22,NA,20.67,19.31,NA,13.72,12.24,3.71,22.12,15.61,NA,10.79,13.02,NA,18.92,19.97,16.61,11.73,13.32,NA,19.55,22.24,NA,10.31,9.91,NA,3.98,3.98,NA,16.85,16.65,21.31,36.77,33.7,NA,9.28,8.63,*,NA,NA,*,NA,NA,*,NA,NA,NA,NA,NA,*,NA,NA,*,NA,NA,NA,NA,NA,*,NA,NA,*,NA,NA,NA,NA,NA,*,NA,NA,*,NA,NA,*,NA,NA,*,NA,NA,NA,NA,NA,*,NA,NA
81. Blood sugar level - high (>140 mg/dl) (%),2.63,3.44,3.36,1.9,3.44,3.13,6.21,4.09,4.79,5.42,3.39,4.58,7.8,5.09,5.66,2.21,5.03,4.27,4.44,10.09,8.13,4.15,6.66,6.23,6.2,7.28,7.16,4.08,3.81,3.87,4.89,4.41,4.46,2.66,3.19,3.17,NA,7.74,7.74,0.43,3.92,3.08,6.03,3.87,4.34,2.47,4.6,4.51,NA,NA,NA,NA,NA,NA,NA,NA,NA,NA,NA,NA,NA,NA,NA,NA,NA,NA,NA,NA,NA,NA,NA,NA,NA,NA,NA,NA,NA,NA,NA,NA,NA,NA,NA,NA,*,NA,NA,NA,NA,NA,NA,NA,NA,NA,NA,NA
82. Blood sugar level - very high (>160 mg/dl) (%),1.88,0.94,1.04,1.24,2.03,1.88,3,1.04,1.68,2.17,1.79,2.01,3.82,1.28,1.81,1.07,1.84,1.63,1.68,3.2,2.67,2.16,3.9,3.6,1.5,2.58,2.46,1.82,0.37,0.69,3.33,2.21,2.34,0.01,0.88,0.86,NA,3.16,3.16,0.43,2,1.62,3.08,1.41,1.77,2.47,1.32,1.37,NA,NA,NA,NA,NA,NA,NA,NA,NA,NA,NA,NA,NA,NA,NA,NA,NA,NA,NA,NA,NA,NA,NA,NA,NA,NA,NA,NA,NA,NA,NA,NA,NA,NA,NA,NA,*,NA,NA,NA,NA,NA,NA,NA,NA,NA,NA,NA
83. Blood sugar level - high (>140 mg/dl) (%),NA,2.92,3.66,NA,3.71,3.14,NA,10.7,10.91,5.43,7.53,6.17,NA,7.58,7.87,NA,4.96,5.16,6.75,10.37,9.09,NA,13.42,12,NA,15.25,14.86,0.01,9.25,6.24,NA,4.66,5.11,NA,4.2,5,NA,5.3,5.3,NA,7.13,8.39,4.19,6.07,5.69,NA,9.48,8.81,*,NA,NA,*,NA,NA,*,NA,NA,NA,NA,NA,*,NA,NA,*,NA,NA,NA,NA,NA,*,NA,NA,*,NA,NA,NA,NA,NA,*,NA,NA,*,NA,NA,*,NA,NA,*,NA,NA,NA,NA,NA,*,NA,NA
84. Blood sugar level - very high (>160 mg/dl) (%),NA,2.26,3.04,NA,0.77,0.65,NA,3.47,6.51,1.33,2.89,1.88,NA,5.16,4.06,NA,1.6,2.46,0.01,5.11,3.31,NA,5.94,5.95,NA,6.6,6.2,0.01,5.11,3.45,NA,0.88,1.94,NA,0,0.48,NA,2.75,2.75,NA,2.35,2.79,4.19,4.07,4.1,NA,2.4,2.23,*,NA,NA,*,NA,NA,*,NA,NA,NA,NA,NA,*,NA,NA,*,NA,NA,NA,NA,NA,*,NA,NA,*,NA,NA,NA,NA,NA,*,NA,NA,*,NA,NA,*,NA,NA,*,NA,NA,NA,NA,NA,*,NA,NA
85. Slightly above normal (Systolic 140-159 mm of Hg and/or Diastolic 90-99 mm of Hg) (%),19.08,16.25,16.54,14.95,14.8,14.83,4.15,11.92,9.41,7.55,13.47,9.99,13.87,15.49,15.14,15.06,15.02,15.03,16.23,11.51,13.15,8.5,11.78,11.22,10.48,8.7,8.9,6.32,4.88,5.2,3.36,15.74,14.4,17.49,7.06,7.31,NA,14.56,14.56,11.24,6.22,7.44,8.95,6.95,7.38,8.13,16.48,16.13,NA,NA,NA,NA,NA,NA,NA,NA,NA,NA,NA,NA,NA,NA,NA,NA,NA,NA,NA,NA,NA,NA,NA,NA,NA,NA,NA,NA,NA,NA,NA,NA,NA,NA,NA,NA,*,NA,NA,NA,NA,NA,NA,NA,NA,NA,NA,NA
86. Moderately high (Systolic 160-179 mm of Hg and/or Diastolic 100-109 mm of Hg) (%),13,5.68,6.42,7.4,5.08,5.54,2.54,2.59,2.58,2.41,1.9,2.2,5.51,3.99,4.32,2.27,3.72,3.33,3.38,3.4,3.4,7.03,3.02,3.7,2.38,2.65,2.62,0.98,0.83,0.86,4.93,2.87,3.09,0.01,1.26,1.23,NA,3.3,3.3,2.38,1.39,1.63,3.25,2.28,2.49,4.94,3.25,3.32,NA,NA,NA,NA,NA,NA,NA,NA,NA,NA,NA,NA,NA,NA,NA,NA,NA,NA,NA,NA,NA,NA,NA,NA,NA,NA,NA,NA,NA,NA,NA,NA,NA,NA,NA,NA,*,NA,NA,NA,NA,NA,NA,NA,NA,NA,NA,NA
87. Very high (Systolic ?180 mm of Hg and/or Diastolic ?110 mm of Hg) (%),6.95,3.5,3.85,3.02,2.86,2.89,0.62,1.18,1,3.11,1.65,2.51,2.2,0.84,1.13,2.95,6.1,5.25,4.12,1.61,2.48,3.96,3.64,3.69,0.97,0.8,0.82,0,0.15,0.12,0,0.92,0.82,0.01,1.25,1.22,NA,3.44,3.44,0.86,0.95,0.93,0.48,0.67,0.63,5.65,2.54,2.67,NA,NA,NA,NA,NA,NA,NA,NA,NA,NA,NA,NA,NA,NA,NA,NA,NA,NA,NA,NA,NA,NA,NA,NA,NA,NA,NA,NA,NA,NA,NA,NA,NA,NA,NA,NA,*,NA,NA,NA,NA,NA,NA,NA,NA,NA,NA,NA
88. Slightly above normal (Systolic 140-159 mm of Hg and/or Diastolic 90-99 mm of Hg) (%),NA,22.3,22.1,NA,25.77,25.42,NA,14.91,10.58,15.15,12.46,14.21,NA,19.26,17.89,NA,23.64,22.87,16.87,27.89,24,NA,11.85,13.84,NA,11.29,9.51,6.97,9.87,8.93,NA,19.34,19.75,NA,14.38,14.31,NA,22.32,22.32,NA,14.34,14.97,9.11,15.12,13.92,NA,23.37,24.09,*,NA,NA,*,NA,NA,*,NA,NA,NA,NA,NA,*,NA,NA,*,NA,NA,NA,NA,NA,*,NA,NA,*,NA,NA,NA,NA,NA,*,NA,NA,*,NA,NA,*,NA,NA,*,NA,NA,NA,NA,NA,*,NA,NA
89. Moderately high (Systolic 160-179 mm of Hg and/or Diastolic 100-109 mm of Hg) (%),NA,11.89,13.48,NA,5.56,6.5,NA,0,0,7.08,4.08,6.03,NA,7.64,6.01,NA,2.87,2.31,2.76,2.21,2.41,NA,3.59,2.92,NA,2.91,2.45,0.01,0,0,NA,5.98,9.08,NA,1.51,1.45,NA,1.96,1.96,NA,2.34,2.78,6.73,3.13,3.84,NA,9.25,10.98,*,NA,NA,*,NA,NA,*,NA,NA,NA,NA,NA,*,NA,NA,*,NA,NA,NA,NA,NA,*,NA,NA,*,NA,NA,NA,NA,NA,*,NA,NA,*,NA,NA,*,NA,NA,*,NA,NA,NA,NA,NA,*,NA,NA
90. Very high (Systolic ?180 mm of Hg and/or Diastolic ?110 mm of Hg) (%),NA,4.27,4.99,NA,0,0,NA,6.65,4.05,2.84,0,1.84,NA,4.21,4,NA,7.77,6.25,3.04,6.46,5.25,NA,1.94,1.57,NA,1.27,1.07,0.01,0.9,0.61,NA,1.24,1.86,NA,0.79,0.76,NA,2.12,2.12,NA,0.87,1.62,3.37,0.9,1.39,NA,4.87,4.52,*,NA,NA,*,NA,NA,*,NA,NA,NA,NA,NA,*,NA,NA,*,NA,NA,NA,NA,NA,*,NA,NA,*,NA,NA,NA,NA,NA,*,NA,NA,*,NA,NA,*,NA,NA,*,NA,NA,NA,NA,NA,*,NA,NA
91. Cervix (%),22.72,7.9,9.43,13,14.06,13.86,6.48,3.5,4.5,11.95,8.1,10.38,13.27,12.94,13.01,11.24,8.88,9.51,6.98,7.59,7.37,19.17,6.74,8.88,13.49,9.5,9.95,4.84,5.56,5.4,11.03,9.94,10.06,27.36,7.18,7.66,NA,6.41,6.41,16.51,7.69,9.84,3.06,2.04,2.26,14.14,11.9,11.99,NA,NA,NA,NA,NA,NA,NA,NA,NA,NA,NA,NA,NA,NA,NA,NA,NA,NA,NA,NA,NA,NA,NA,NA,NA,NA,NA,NA,NA,NA,NA,NA,NA,NA,NA,NA,*,NA,NA,NA,NA,NA,NA,NA,NA,NA,NA,NA
92. Breast (%),11.39,5.33,5.95,0,11.67,9.44,6.43,2.03,3.51,9.55,8.67,9.19,13.49,3.8,5.88,13.88,8.74,10.1,3.79,4.62,4.33,9.6,6.25,6.82,2.41,5.34,5.01,1.59,4.47,3.83,1.61,7.71,7,3.04,5.15,5.1,NA,2.9,2.9,16.01,3.92,6.86,0.41,0.28,0.31,0.01,7.35,7.05,NA,NA,NA,NA,NA,NA,NA,NA,NA,NA,NA,NA,NA,NA,NA,NA,NA,NA,NA,NA,NA,NA,NA,NA,NA,NA,NA,NA,NA,NA,NA,NA,NA,NA,NA,NA,*,NA,NA,NA,NA,NA,NA,NA,NA,NA,NA,NA
93. Oral cavity (%),37.14,19.83,21.62,18.43,16.9,17.2,19.48,5.17,9.97,34,25.72,30.61,32.39,26.04,27.4,37.69,20.63,25.16,21.5,20.5,20.85,21.74,15.38,16.47,8.68,7.5,7.63,1.76,6.99,5.84,31.86,26.86,27.44,14.45,16.49,16.44,NA,12.89,12.89,14.7,20.1,18.78,12.51,1.31,3.76,14.47,23.51,23.14,NA,NA,NA,NA,NA,NA,NA,NA,NA,NA,NA,NA,NA,NA,NA,NA,NA,NA,NA,NA,NA,NA,NA,NA,NA,NA,NA,NA,NA,NA,NA,NA,NA,NA,NA,NA,*,NA,NA,NA,NA,NA,NA,NA,NA,NA,NA,NA
