Residence,Kasaragod - Urban,Kasaragod - Rural,Kasaragod - Total,Kannur - Urban,Kannur - Rural,Kannur - Total,Wayanad - Urban,Wayanad - Rural,Wayanad - Total,Kozhikode - Urban,Kozhikode - Rural,Kozhikode - Total,Malappuram - Urban,Malappuram - Rural,Malappuram - Total,Palakkad - Urban,Palakkad - Rural,Palakkad - Total,Thrissur - Urban,Thrissur - Rural,Thrissur - Total,Ernakulam - Urban,Ernakulam - Rural,Ernakulam - Total,Idukki - Urban,Idukki - Rural,Idukki - Total,Kottayam - Urban,Kottayam - Rural,Kottayam - Total,Alappuzha - Urban,Alappuzha - Rural,Alappuzha - Total,Pathanamthitta - Urban,Pathanamthitta - Rural,Pathanamthitta - Total,Kollam - Urban,Kollam - Rural,Kollam - Total,Thiruvananthapuram - Urban,Thiruvananthapuram - Rural,Thiruvananthapuram - Total,Note of Kasaragod - Urban,Note of Kasaragod - Rural,Note of Kasaragod - Total,Note of Kannur - Urban,Note of Kannur - Rural,Note of Kannur - Total,Note of Wayanad - Urban,Note of Wayanad - Rural,Note of Wayanad - Total,Note of Kozhikode - Urban,Note of Kozhikode - Rural,Note of Kozhikode - Total,Note of Malappuram - Urban,Note of Malappuram - Rural,Note of Malappuram - Total,Note of Palakkad - Urban,Note of Palakkad - Rural,Note of Palakkad - Total,Note of Thrissur - Urban,Note of Thrissur - Rural,Note of Thrissur - Total,Note of Ernakulam - Urban,Note of Ernakulam - Rural,Note of Ernakulam - Total,Note of Idukki - Urban,Note of Idukki - Rural,Note of Idukki - Total,Note of Kottayam - Urban,Note of Kottayam - Rural,Note of Kottayam - Total,Note of Alappuzha - Urban,Note of Alappuzha - Rural,Note of Alappuzha - Total,Note of Pathanamthitta - Urban,Note of Pathanamthitta - Rural,Note of Pathanamthitta - Total,Note of Kollam - Urban,Note of Kollam - Rural,Note of Kollam - Total,Note of Thiruvananthapuram - Urban,Note of Thiruvananthapuram - Rural,Note of Thiruvananthapuram - Total
Households surveyed,162.03,247.99,410.02,482.21,302.93,785.14,9.99,242.75,252.74,664.46,356.25,1020.7,606.45,627.13,1233.58,224.76,863.23,1087.99,696.92,360.8,1057.72,760.87,388.83,1149.7,15.85,361.9,377.75,183.71,528.04,711.75,396.83,358.84,755.68,45.19,445.66,490.84,459.24,527.8,987.03,673.23,561.12,1234.35,NA,NA,NA,NA,NA,NA,NA,NA,NA,NA,NA,NA,NA,NA,NA,NA,NA,NA,NA,NA,NA,NA,NA,NA,NA,NA,NA,NA,NA,NA,NA,NA,NA,NA,NA,NA,NA,NA,NA,NA,NA,NA
Women age 15-49 years interviewed,171.21,256.56,427.77,498.06,267.58,765.65,9.09,256.67,265.77,661.48,399.34,1060.82,692.98,754.97,1447.96,244.44,809.2,1053.63,608.14,326.87,935,710.02,331.87,1041.88,15.65,302.81,318.46,146.98,454.33,601.32,346.01,309.18,655.19,38.29,341.78,380.07,437.57,508.54,946.11,592.45,540.92,1133.37,NA,NA,NA,NA,NA,NA,NA,NA,NA,NA,NA,NA,NA,NA,NA,NA,NA,NA,NA,NA,NA,NA,NA,NA,NA,NA,NA,NA,NA,NA,NA,NA,NA,NA,NA,NA,NA,NA,NA,NA,NA,NA
Men age 15-49 years interviewed,29.1,36.73,65.83,70.46,49.86,120.32,5.18,46.57,51.74,96.53,54.29,150.82,115.61,133.86,249.47,85.81,141.21,227.02,88.33,50.07,138.4,83,40.5,123.49,5.87,48.92,54.8,34.14,82.84,116.98,50.51,63.25,113.76,7,43.77,50.77,68.32,106.24,174.56,128.68,89.3,217.98,NA,NA,NA,NA,NA,NA,NA,NA,NA,NA,NA,NA,NA,NA,NA,NA,NA,NA,NA,NA,NA,NA,NA,NA,NA,NA,NA,NA,NA,NA,NA,NA,NA,NA,NA,NA,NA,NA,NA,NA,NA,NA
1. Population (female) age 6+ years who ever attended school (%),89.96,87.99,88.79,97.38,94.38,96.31,92.28,88.77,88.9,96.66,95.42,96.2,95.52,93.89,94.68,95.83,91.18,92.21,96.67,96.1,96.48,97.36,98.37,97.69,100,92.14,92.47,99.03,98.65,98.74,97.55,96.87,97.22,95.04,97.22,97.02,96.33,97.31,96.84,96.26,93.53,94.99,NA,NA,NA,NA,NA,NA,NA,NA,NA,NA,NA,NA,NA,NA,NA,NA,NA,NA,NA,NA,NA,NA,NA,NA,NA,NA,NA,NA,NA,NA,NA,NA,NA,NA,NA,NA,NA,NA,NA,NA,NA,NA
2. Population below age 15 years (%),24.06,21.46,22.5,22.36,18.5,20.97,18.13,22.02,21.87,20.39,19.92,20.22,25.05,26.75,25.92,20.25,20.11,20.14,18.21,18.53,18.32,19.42,17.54,18.81,15.78,17.84,17.75,16.45,16.72,16.65,16.58,18.41,17.46,17.01,16.65,16.68,19.25,20.67,19.99,19.18,20.38,19.74,NA,NA,NA,NA,NA,NA,NA,NA,NA,NA,NA,NA,NA,NA,NA,NA,NA,NA,NA,NA,NA,NA,NA,NA,NA,NA,NA,NA,NA,NA,NA,NA,NA,NA,NA,NA,NA,NA,NA,NA,NA,NA
3. Sex ratio of the total population (females per 1000 males),1055.76,1030.63,1040.65,1121.63,1041.54,1092,947.13,1070.21,1065.23,996.9,1102.13,1033.43,965.27,1032.03,998.75,1031.37,955.78,971.61,1097.8,1033.34,1075.19,1094.07,1038.64,1075.74,1053.85,961.17,964.71,1002.41,1038.24,1029.03,1097.47,1104,1100.6,1071.37,1108.19,1104.74,1050.52,1035.5,1042.65,1123.69,1120.14,1122.04,NA,NA,NA,NA,NA,NA,NA,NA,NA,NA,NA,NA,NA,NA,NA,NA,NA,NA,NA,NA,NA,NA,NA,NA,NA,NA,NA,NA,NA,NA,NA,NA,NA,NA,NA,NA,NA,NA,NA,NA,NA,NA
4. Sex ratio at birth for children born in the last five years (females per 1000 males),1269.34,824.88,980.78,1086.57,1020.18,1065.87,NA,1230.46,1241,796.73,1355.71,953.85,788.54,1136.24,935.96,NA,1041.05,1074.82,1157.37,1046.47,1120.25,1389.1,1005.65,1246.04,NA,1103.32,1139.1,NA,899.66,1076.72,1515.1,803.91,1112.03,NA,1124.27,1134.64,990.46,710.62,851.43,1032.78,1212.28,1115.25,NA,NA,NA,NA,NA,NA,*,NA,NA,NA,NA,NA,NA,NA,NA,*,NA,NA,NA,NA,NA,NA,NA,NA,*,NA,NA,*,NA,NA,NA,NA,NA,*,NA,NA,NA,NA,NA,NA,NA,NA
5. Children under age 5 years whose birth was registered (%),100,97.36,98.38,93.86,98.56,95.28,NA,95.41,95.15,97.68,96.26,97.19,96.23,99.12,97.58,100,100,100,95.62,96.62,95.98,100,95.44,98.55,NA,98.39,98.43,95.28,97.35,96.79,95.52,93.6,94.54,NA,97.18,97.32,99.16,100,99.56,97.88,100,98.9,NA,NA,NA,NA,NA,NA,*,NA,NA,NA,NA,NA,NA,NA,NA,NA,NA,NA,NA,NA,NA,NA,NA,NA,*,NA,NA,NA,NA,NA,NA,NA,NA,*,NA,NA,NA,NA,NA,NA,NA,NA
6. Households with electricity (%),99.49,97.86,98.5,98.99,98.64,98.86,100,95.81,95.97,99.31,98.94,99.18,99.78,99.29,99.53,98.89,99.07,99.03,99.78,99.52,99.69,100,99.62,99.87,100,99.12,99.15,100,99.51,99.64,99.49,99.59,99.54,99.26,99.24,99.24,99.42,97.21,98.24,99.34,99.13,99.25,NA,NA,NA,NA,NA,NA,NA,NA,NA,NA,NA,NA,NA,NA,NA,NA,NA,NA,NA,NA,NA,NA,NA,NA,NA,NA,NA,NA,NA,NA,NA,NA,NA,NA,NA,NA,NA,NA,NA,NA,NA,NA
7. Households with an improved drinking-water source1 (%),96.95,89.94,92.71,93.03,90.8,92.17,88.75,93.6,93.4,97.64,94.19,96.44,93.87,93.72,93.8,96.13,92.72,93.43,96.82,94.03,95.87,98.02,95.13,97.04,100,92.06,92.39,93.56,95.77,95.2,95.68,90.98,93.44,90.36,93.3,93.03,96.29,92.75,94.4,93.86,91.22,92.66,NA,NA,NA,NA,NA,NA,NA,NA,NA,NA,NA,NA,NA,NA,NA,NA,NA,NA,NA,NA,NA,NA,NA,NA,NA,NA,NA,NA,NA,NA,NA,NA,NA,NA,NA,NA,NA,NA,NA,NA,NA,NA
8. Households using improved sanitation facility2 (%),98.72,96.95,97.65,98.79,99.06,98.89,100,95.07,95.26,99.53,99.18,99.41,98.5,98.83,98.66,95.65,96.95,96.68,99.52,99.48,99.51,99.27,99.35,99.3,100,94.32,94.56,98.84,98.93,98.91,98.64,95.17,96.99,100,97.11,97.38,98.51,97.77,98.12,97.79,95.53,96.76,NA,NA,NA,NA,NA,NA,NA,NA,NA,NA,NA,NA,NA,NA,NA,NA,NA,NA,NA,NA,NA,NA,NA,NA,NA,NA,NA,NA,NA,NA,NA,NA,NA,NA,NA,NA,NA,NA,NA,NA,NA,NA
9. Households using clean fuel for cooking3 (%),62.43,46.66,52.89,54.58,57.03,55.53,68.18,31.79,33.22,56.43,43.18,51.81,47.97,43.48,45.69,67.5,46.34,50.71,71.17,60.47,67.52,86.68,66.04,79.7,77.11,45.89,47.2,75.34,58.23,62.64,65.6,62.65,64.2,59.19,57.54,57.7,67.76,51.03,58.81,61.69,41.34,52.44,NA,NA,NA,NA,NA,NA,NA,NA,NA,NA,NA,NA,NA,NA,NA,NA,NA,NA,NA,NA,NA,NA,NA,NA,NA,NA,NA,NA,NA,NA,NA,NA,NA,NA,NA,NA,NA,NA,NA,NA,NA,NA
10. Households using iodized salt (%),96.94,92.39,94.19,97.62,98.62,98.01,97.85,96.86,96.9,99.32,96.62,98.38,99.13,99.55,99.34,99.39,96.59,97.17,99.35,99.03,99.24,98.74,95.59,97.68,100,99.08,99.11,98.4,99.36,99.11,97.87,98.56,98.2,98.4,99.31,99.23,98.74,99.15,98.96,99.25,99.24,99.24,NA,NA,NA,NA,NA,NA,NA,NA,NA,NA,NA,NA,NA,NA,NA,NA,NA,NA,NA,NA,NA,NA,NA,NA,NA,NA,NA,NA,NA,NA,NA,NA,NA,NA,NA,NA,NA,NA,NA,NA,NA,NA
11. Households with any usual member covered by a health scheme or health insurance (%),28.27,43.45,37.45,32.23,47.36,38.07,45.93,62.44,61.79,57.42,63.93,59.69,34.6,39.82,37.25,47.68,48.01,47.95,32.63,48.8,38.14,49.65,43.76,47.66,40.27,54.79,54.18,51.69,50.45,50.77,56.85,55.09,56.01,32.85,42.81,41.9,39.85,50.44,45.51,59.77,55.63,57.89,NA,NA,NA,NA,NA,NA,NA,NA,NA,NA,NA,NA,NA,NA,NA,NA,NA,NA,NA,NA,NA,NA,NA,NA,NA,NA,NA,NA,NA,NA,NA,NA,NA,NA,NA,NA,NA,NA,NA,NA,NA,NA
12. Women who are literate (%),97.05,92.7,94.44,98.79,98.35,98.64,100,92.51,92.77,98.83,99.26,98.99,98.35,98.44,98.4,97.29,95.4,95.84,98.7,99.46,98.97,99.05,99.5,99.19,100,94.66,94.92,98.96,99.81,99.61,99.18,98.24,98.74,99.11,98.61,98.66,97.91,96.99,97.41,97.45,96.99,97.23,NA,NA,NA,NA,NA,NA,NA,NA,NA,NA,NA,NA,NA,NA,NA,NA,NA,NA,NA,NA,NA,NA,NA,NA,NA,NA,NA,NA,NA,NA,NA,NA,NA,NA,NA,NA,NA,NA,NA,NA,NA,NA
13. Men who are literate (%),100,97,98.33,100,98.34,99.31,NA,94.38,94.16,98.32,97.03,97.85,97.76,98.83,98.33,98.71,97.86,98.18,100,96.79,98.84,100,100,100,NA,97.35,97.63,100,100,100,97.08,100,98.7,NA,98.64,98.83,94.79,100,97.96,100,100,100,NA,NA,NA,NA,NA,NA,*,NA,NA,NA,NA,NA,NA,NA,NA,NA,NA,NA,NA,NA,NA,NA,NA,NA,*,NA,NA,NA,NA,NA,NA,NA,NA,*,NA,NA,NA,NA,NA,NA,NA,NA
14. Women with 10 or more years of schooling (%),62.02,61.83,61.91,67.32,76.83,70.65,72.82,60.88,61.29,75.03,70.52,73.33,66.36,64.77,65.53,65.36,62.75,63.35,76,77.09,76.38,84.52,79.59,82.95,77.01,72.84,73.04,80.78,81.58,81.38,72.41,75.32,73.79,73.37,77.19,76.81,80.67,77.73,79.09,74.83,61.89,68.65,NA,NA,NA,NA,NA,NA,NA,NA,NA,NA,NA,NA,NA,NA,NA,NA,NA,NA,NA,NA,NA,NA,NA,NA,NA,NA,NA,NA,NA,NA,NA,NA,NA,NA,NA,NA,NA,NA,NA,NA,NA,NA
15. Women age 20-24 years married before age 18 years (%),6.43,2.92,4.02,7.83,15.1,10.24,NA,14.25,13.8,7.56,6.31,7.06,26.75,19.59,23.34,11.15,13.07,12.54,1.46,4.6,2.31,0,0.01,0,NA,3.75,3.69,5.19,0,1.34,2.51,0.01,1.24,NA,1.34,1.17,4.91,2.51,3.74,1.79,3.54,2.58,NA,NA,NA,NA,NA,NA,*,NA,NA,NA,NA,NA,NA,NA,NA,NA,NA,NA,NA,NA,NA,NA,NA,NA,*,NA,NA,NA,NA,NA,NA,NA,NA,*,NA,NA,NA,NA,NA,NA,NA,NA
16. Men age 25-29 years married before age 21 years (%),NA,NA,NA,NA,NA,NA,NA,NA,7.53,NA,NA,NA,NA,NA,4.1,NA,NA,3.52,NA,NA,NA,NA,NA,NA,NA,NA,NA,NA,NA,NA,NA,NA,NA,NA,NA,NA,NA,NA,NA,NA,NA,0.01,*,*,*,*,*,*,*,*,NA,*,*,*,*,*,NA,*,*,NA,*,*,*,*,*,*,*,*,*,*,*,*,*,*,*,*,*,*,*,*,*,*,*,NA
17. Women age 15-19 years who were already mothers or pregnant at the time of the survey (%),4.88,1.93,3.28,2.24,4.93,3.35,NA,2.12,2.07,3.87,3.01,3.52,3.25,4.68,4,4.02,6.37,5.82,1.83,4.47,2.79,2,3.21,2.43,NA,0,0,NA,0,0,3.53,0.01,2.07,NA,1.79,1.51,1.9,0.01,0.76,2.42,4.43,3.5,NA,NA,NA,NA,NA,NA,*,NA,NA,NA,NA,NA,NA,NA,NA,NA,NA,NA,NA,NA,NA,NA,NA,NA,*,NA,NA,*,NA,NA,NA,NA,NA,*,NA,NA,NA,NA,NA,NA,NA,NA
18. Any method (%),35.57,47.51,42.61,48.33,50.97,49.24,70.31,57.3,57.77,60.14,52.9,57.46,38.89,46.9,43.05,61.07,62.47,62.16,64.4,62.78,63.84,60.06,52.99,57.83,64.23,62.98,63.04,48.37,54.49,52.9,44.58,45.64,45.09,53.4,50.69,50.93,54.96,51.47,53.07,54.66,42.49,49.09,NA,NA,NA,NA,NA,NA,NA,NA,NA,NA,NA,NA,NA,NA,NA,NA,NA,NA,NA,NA,NA,NA,NA,NA,NA,NA,NA,NA,NA,NA,NA,NA,NA,NA,NA,NA,NA,NA,NA,NA,NA,NA
19. Any modern method (%),30.16,42.55,37.47,47.68,48.09,47.83,53.36,52.16,52.21,56.22,48.91,53.51,37.2,41.99,39.69,52.01,59.22,57.63,63.35,59.65,62.06,56.27,52.3,55.02,54.97,61.56,61.24,47.6,50.87,50.02,42.55,42.85,42.69,53.4,49.56,49.89,51.02,50.3,50.63,52.87,42.16,47.96,NA,NA,NA,NA,NA,NA,NA,NA,NA,NA,NA,NA,NA,NA,NA,NA,NA,NA,NA,NA,NA,NA,NA,NA,NA,NA,NA,NA,NA,NA,NA,NA,NA,NA,NA,NA,NA,NA,NA,NA,NA,NA
20. Female sterilization (%),28.64,37.98,34.15,43.35,45.62,44.13,42.76,46.43,46.29,52.56,46.71,50.39,33.82,39.15,36.59,49.19,54.67,53.46,57.31,56.12,56.9,50.83,48.01,49.94,51.66,58.11,57.8,39.78,43.09,42.23,37.18,35.81,36.53,49.73,44.01,44.51,45.71,46.6,46.19,46.03,39.27,42.93,NA,NA,NA,NA,NA,NA,NA,NA,NA,NA,NA,NA,NA,NA,NA,NA,NA,NA,NA,NA,NA,NA,NA,NA,NA,NA,NA,NA,NA,NA,NA,NA,NA,NA,NA,NA,NA,NA,NA,NA,NA,NA
21. Male sterilization (%),0,0,0,0,0,0,0.01,0.49,0.47,0,0,0,0,0,0,0,0,0,0.42,0,0.27,0,0.39,0.12,0.01,0,0,0,0,0,0,0.34,0.16,0.01,0,0,0,0,0,0,0,0,NA,NA,NA,NA,NA,NA,NA,NA,NA,NA,NA,NA,NA,NA,NA,NA,NA,NA,NA,NA,NA,NA,NA,NA,NA,NA,NA,NA,NA,NA,NA,NA,NA,NA,NA,NA,NA,NA,NA,NA,NA,NA
22. IUD/PPIUD (%),1.16,1.51,1.37,1.69,0.7,1.35,3.53,2.78,2.8,1.26,0.29,0.9,0.77,1.34,1.06,0.78,2.68,2.26,2.44,1.54,2.13,1.64,1.89,1.72,3.31,0.84,0.95,1.34,2.17,1.95,2.24,3.98,3.07,1.4,1.73,1.7,1.74,1.82,1.78,1.28,0.63,0.98,NA,NA,NA,NA,NA,NA,NA,NA,NA,NA,NA,NA,NA,NA,NA,NA,NA,NA,NA,NA,NA,NA,NA,NA,NA,NA,NA,NA,NA,NA,NA,NA,NA,NA,NA,NA,NA,NA,NA,NA,NA,NA
23. Pill (%),0.36,0,0.15,0,0,0,0.01,0.23,0.23,0,0,0,0.7,0,0.34,0.58,0.33,0.39,0.35,0.38,0.36,0,0,0,0.01,0.21,0.2,0.62,0,0.16,0.6,0,0.31,0.01,0.25,0.22,0,0.37,0.2,0.31,0,0.17,NA,NA,NA,NA,NA,NA,NA,NA,NA,NA,NA,NA,NA,NA,NA,NA,NA,NA,NA,NA,NA,NA,NA,NA,NA,NA,NA,NA,NA,NA,NA,NA,NA,NA,NA,NA,NA,NA,NA,NA,NA,NA
24. Condom (%),0,2.78,1.64,2.64,1.77,2.34,7.06,2.08,2.26,2.4,1.63,2.12,1.91,1.5,1.7,1.46,1.54,1.52,2.83,1.6,2.4,3.8,2.01,3.24,0.01,1.52,1.45,5.85,5.61,5.67,2.53,2.73,2.62,2.27,3.58,3.46,3.57,1.51,2.46,5,1.84,3.55,NA,NA,NA,NA,NA,NA,NA,NA,NA,NA,NA,NA,NA,NA,NA,NA,NA,NA,NA,NA,NA,NA,NA,NA,NA,NA,NA,NA,NA,NA,NA,NA,NA,NA,NA,NA,NA,NA,NA,NA,NA,NA
25. Total unmet need (%),15.09,15.3,15.22,14.85,12.19,13.93,3.53,11.48,11.19,13.66,12.71,13.31,17.02,17.79,17.42,8.72,13,12.05,11.12,8.8,10.31,11.19,12.36,11.56,6.4,8.1,8.01,15.42,9.77,11.23,21.09,14.02,17.72,10.28,14.54,14.16,16.93,12.51,14.54,14.48,15.27,14.84,NA,NA,NA,NA,NA,NA,NA,NA,NA,NA,NA,NA,NA,NA,NA,NA,NA,NA,NA,NA,NA,NA,NA,NA,NA,NA,NA,NA,NA,NA,NA,NA,NA,NA,NA,NA,NA,NA,NA,NA,NA,NA
26. Unmet need for spacing (%),9.49,10.98,10.37,8.39,9.04,8.61,0.01,7.79,7.51,9.47,7.59,8.77,12.03,10.68,11.33,7.38,7.28,7.3,7.57,6.96,7.36,6.5,7.73,6.89,6.4,5.08,5.15,9.4,6.45,7.21,7.91,6.43,7.2,5,7.26,7.06,10.89,5.79,8.14,8.01,10.22,9.02,NA,NA,NA,NA,NA,NA,NA,NA,NA,NA,NA,NA,NA,NA,NA,NA,NA,NA,NA,NA,NA,NA,NA,NA,NA,NA,NA,NA,NA,NA,NA,NA,NA,NA,NA,NA,NA,NA,NA,NA,NA,NA
27. Health worker ever talked to female non-users about family planning5 (%),18.29,30.49,25.15,22,23.73,22.57,NA,20.15,20.46,23.53,18.55,21.42,11.02,17.42,14.29,18.97,12.26,13.98,22.88,14.3,19.76,18.26,8.82,14.79,NA,10.89,11.14,21.98,12.83,14.97,22.13,15.9,19.17,14.51,22.82,21.98,20.49,17.62,18.96,6.69,11.77,9.48,NA,NA,NA,NA,NA,NA,*,NA,NA,NA,NA,NA,NA,NA,NA,NA,NA,NA,NA,NA,NA,NA,NA,NA,*,NA,NA,NA,NA,NA,NA,NA,NA,NA,NA,NA,NA,NA,NA,NA,NA,NA
28. Current users ever told about side effects of current method (%),NA,69.71,59.37,79.08,NA,70.94,NA,49.11,50.2,58.62,NA,63,NA,55.07,57.97,NA,58.19,61.02,47.79,48.05,47.87,45.7,53.53,48.37,NA,39.56,38.28,NA,68.11,66.18,NA,52.28,50.19,NA,64.77,61.65,50.82,62.73,56.89,NA,40.27,40.15,*,NA,NA,NA,*,NA,*,NA,NA,NA,*,NA,*,NA,NA,*,NA,NA,NA,NA,NA,NA,NA,NA,*,NA,NA,*,NA,NA,*,NA,NA,*,NA,NA,NA,NA,NA,*,NA,NA
29. Mothers who had antenatal check-up in the first trimester (%),91.25,99.13,95.87,96.52,97.13,96.71,NA,94.71,94.83,95.2,94.77,95.05,94.95,99.12,96.91,97.75,92.34,93.39,98.46,94.88,97.23,97.49,85.23,93.52,NA,98.2,98.26,97.45,98.19,98.01,91.29,95.68,93.43,NA,86.75,86.61,97.5,90.25,94.06,98.47,91.47,94.92,NA,NA,NA,NA,NA,NA,*,NA,NA,NA,NA,NA,NA,NA,NA,NA,NA,NA,NA,NA,NA,NA,NA,NA,*,NA,NA,NA,NA,NA,NA,NA,NA,*,NA,NA,NA,NA,NA,NA,NA,NA
30. Mothers who had at least 4 antenatal care visits (%),85.72,94.57,90.9,91.33,97.12,93.18,NA,91.45,91.65,91.58,100,94.43,92.01,94.45,93.16,82.55,92.26,90.37,84.57,80.24,83.08,92.17,100,94.7,NA,90.24,89.92,80.52,86.95,85.39,80,81.01,80.49,NA,90.12,90,88.74,88.66,88.7,85.49,92.56,89.08,NA,NA,NA,NA,NA,NA,*,NA,NA,NA,NA,NA,NA,NA,NA,NA,NA,NA,NA,NA,NA,NA,NA,NA,*,NA,NA,NA,NA,NA,NA,NA,NA,*,NA,NA,NA,NA,NA,NA,NA,NA
31. Mothers whose last birth was protected against neonatal tetanus6 (%),97.83,98.01,97.94,100,98.43,99.5,NA,94.8,94.93,97.81,98.79,98.14,94.42,99.12,96.63,97.75,97.67,97.68,95.45,96.64,95.86,98.75,94.32,97.31,NA,93.71,92.63,96.1,99.05,98.33,93.29,90.31,91.84,NA,91.44,90.48,93.37,100,96.52,95.67,94.27,94.96,NA,NA,NA,NA,NA,NA,*,NA,NA,NA,NA,NA,NA,NA,NA,NA,NA,NA,NA,NA,NA,NA,NA,NA,*,NA,NA,NA,NA,NA,NA,NA,NA,*,NA,NA,NA,NA,NA,NA,NA,NA
32. Mothers who consumed iron folic acid for 100 days or more when they were pregnant (%),82.57,64.89,72.21,76.69,72.59,75.39,NA,73.58,72.18,70.59,82.48,74.62,64.57,63.24,63.95,87.39,77.32,79.29,71.46,68.08,70.3,73.97,64.81,71,NA,59.88,59.19,42.61,64.83,59.42,57.28,52.45,54.93,NA,67.73,68.6,62.01,50.82,56.7,73.26,42.8,57.81,NA,NA,NA,NA,NA,NA,*,NA,NA,NA,NA,NA,NA,NA,NA,NA,NA,NA,NA,NA,NA,NA,NA,NA,*,NA,NA,NA,NA,NA,NA,NA,NA,*,NA,NA,NA,NA,NA,NA,NA,NA
33. Mothers who had full antenatal care7 (%),70.46,61.5,65.21,71.66,71.14,71.5,NA,67.23,65.98,65.73,82.48,71.41,57.41,60.27,58.76,75.73,68.44,69.86,59.09,51.8,56.58,71.41,64.81,69.27,NA,55.46,54.27,34.82,58.5,52.73,48.09,42.25,45.25,NA,60.88,61.43,57.89,45.06,51.81,69.04,41.31,54.98,NA,NA,NA,NA,NA,NA,*,NA,NA,NA,NA,NA,NA,NA,NA,NA,NA,NA,NA,NA,NA,NA,NA,NA,*,NA,NA,NA,NA,NA,NA,NA,NA,*,NA,NA,NA,NA,NA,NA,NA,NA
34. Registered pregnancies for which the mother received Mother and Child Protection (MCP) card (%),88.5,86.16,87.1,88.64,93.46,90.14,NA,88.44,88.69,82.16,86.5,83.78,68.43,82.36,74.91,92.4,83.07,84.93,84.45,79.59,82.8,82.86,85.14,83.63,NA,87.26,87.02,91.21,96.8,95.53,87.59,87.33,87.47,NA,90.53,91.15,82.34,87.24,84.83,79.34,79.73,79.54,NA,NA,NA,NA,NA,NA,*,NA,NA,NA,NA,NA,NA,NA,NA,NA,NA,NA,NA,NA,NA,NA,NA,NA,*,NA,NA,NA,NA,NA,NA,NA,NA,*,NA,NA,NA,NA,NA,NA,NA,NA
35. Mothers who received postnatal care from a doctor/nurse/LHV/ANM/midwife/other health personnel within 2 days of delivery (%),86.77,88.92,88.03,100,89.81,96.76,NA,83.25,83.24,79.64,93.33,84.28,90,98.13,93.83,94.22,87.71,88.98,86.48,82.74,85.19,95.14,94.09,94.8,NA,85.71,86.19,80.17,91.7,88.9,73.44,86.01,79.56,NA,92.79,92.25,76.57,85.72,80.91,90.91,85.19,88.01,NA,NA,NA,NA,NA,NA,*,NA,NA,NA,NA,NA,NA,NA,NA,NA,NA,NA,NA,NA,NA,NA,NA,NA,*,NA,NA,NA,NA,NA,NA,NA,NA,*,NA,NA,NA,NA,NA,NA,NA,NA
36. Mothers who received financial assistance under Janani Suraksha Yojana (JSY) for births delivered in an institution (%),4.72,14.45,10.42,18.5,17.18,18.08,NA,28.08,27.82,21.87,17.19,20.28,13.88,20.01,16.76,31.82,20.97,23.09,20.69,13.91,18.36,16.59,8.45,13.96,NA,22.7,23.33,18.99,37.96,33.34,14.05,14.83,14.43,NA,22.84,23.9,23.32,18.49,21.01,25.53,31.05,28.33,NA,NA,NA,NA,NA,NA,*,NA,NA,NA,NA,NA,NA,NA,NA,NA,NA,NA,NA,NA,NA,NA,NA,NA,*,NA,NA,NA,NA,NA,NA,NA,NA,*,NA,NA,NA,NA,NA,NA,NA,NA
37. Average out of pocket expenditure per delivery in public health facility (Rs.),NA,5849.97,6659.12,5096.56,NA,7043.54,NA,4124.41,4231.98,5573.73,NA,5068.3,6864.28,5462.45,6201.87,NA,4971.16,4336.89,NA,NA,5053.32,NA,NA,NA,NA,6515.05,6411.33,NA,5546.25,6259.62,NA,NA,9472.26,NA,7592.74,7466.99,12114.38,8691.63,10299.14,NA,9375.67,8787.72,*,NA,NA,NA,*,NA,*,NA,NA,NA,*,NA,NA,NA,NA,*,NA,NA,*,*,NA,*,*,*,*,NA,NA,*,NA,NA,*,*,NA,*,NA,NA,NA,NA,NA,*,NA,NA
38. Children born at home who were taken to a health facility for check-up within 24 hours of birth (%),NA,NA,NA,NA,NA,NA,NA,NA,NA,NA,NA,NA,NA,NA,NA,NA,NA,NA,NA,NA,NA,NA,NA,NA,NA,NA,NA,NA,NA,NA,NA,NA,NA,NA,NA,NA,NA,NA,NA,NA,NA,NA,*,*,*,*,*,*,*,*,*,*,*,*,*,*,*,*,*,*,*,*,*,*,*,*,*,*,*,*,*,*,*,*,*,*,*,*,*,*,*,*,*,*
39. Children who received postnatal care from a doctor/nurse/LHV/ANM/midwife/other health personnel within 2 days of delivery (%),44.16,66.32,57.14,56.71,37.71,50.67,NA,52.51,51.24,51.93,60.88,54.97,32.74,54.09,42.78,66.85,53.06,55.76,46.37,55.34,49.46,71.87,64.44,69.46,NA,33.14,33.32,12.94,29.94,25.8,45.77,42.8,44.32,NA,50.89,50.42,35.05,36.46,35.72,50.91,58.1,54.56,NA,NA,NA,NA,NA,NA,*,NA,NA,NA,NA,NA,NA,NA,NA,NA,NA,NA,NA,NA,NA,NA,NA,NA,*,NA,NA,NA,NA,NA,NA,NA,NA,*,NA,NA,NA,NA,NA,NA,NA,NA
40. Institutional births (%),100,100,100,100,100,100,NA,99.74,99.75,100,100,100,100,99.1,99.58,100,100,100,100,100,100,100,100,100,NA,100,100,100,100,100,100,100,100,NA,100,100,99.06,100,99.5,100,100,100,NA,NA,NA,NA,NA,NA,*,NA,NA,NA,NA,NA,NA,NA,NA,NA,NA,NA,NA,NA,NA,NA,NA,NA,*,NA,NA,NA,NA,NA,NA,NA,NA,*,NA,NA,NA,NA,NA,NA,NA,NA
41. Institutional births in public facility (%),14.29,38.27,28.52,40.42,39.57,40.16,NA,47.95,47.33,49.01,38.64,45.54,30.09,35.67,32.69,36.38,32.19,32.99,37.12,29.69,34.72,19.72,19.71,19.72,NA,43.39,43.89,32.72,55.38,49.44,43.82,45.16,44.48,NA,45.24,46.18,37.17,46.7,41.57,43.13,58.69,50.6,NA,NA,NA,NA,NA,NA,*,NA,NA,NA,NA,NA,NA,NA,NA,NA,NA,NA,NA,NA,NA,NA,NA,NA,*,NA,NA,NA,NA,NA,NA,NA,NA,*,NA,NA,NA,NA,NA,NA,NA,NA
42. Home delivery conducted by skilled health personnel (out of total deliveries) (%),0,0,0,0,0,0,NA,0,0,0,0,0,0,0.9,0.42,0.01,0,0,0,0,0,0,0,0,NA,0,0,0.01,0,0,0,0,0,NA,0,0,0.94,0,0.5,0,0,0,NA,NA,NA,NA,NA,NA,*,NA,NA,NA,NA,NA,NA,NA,NA,NA,NA,NA,NA,NA,NA,NA,NA,NA,*,NA,NA,NA,NA,NA,NA,NA,NA,*,NA,NA,NA,NA,NA,NA,NA,NA
43. Births assisted by a doctor/nurse/LHV/ANM/other health personnel (%),100,100,100,100,100,100,NA,99.74,99.75,100,100,100,100,100,100,100,100,100,100,100,100,100,100,100,NA,100,100,100,100,100,100,100,100,NA,100,100,100,100,100,100,100,100,NA,NA,NA,NA,NA,NA,*,NA,NA,NA,NA,NA,NA,NA,NA,NA,NA,NA,NA,NA,NA,NA,NA,NA,*,NA,NA,NA,NA,NA,NA,NA,NA,*,NA,NA,NA,NA,NA,NA,NA,NA
44. Births delivered by caesarean section (%),32.62,21.95,26.29,40.11,18.89,33.61,NA,22.62,22.82,37.21,27.01,33.8,22.44,25.78,24,34.57,34.37,34.41,30.22,41.12,33.74,33.76,52.74,40.01,NA,47.31,47.09,30.27,27.6,28.3,49.83,37.23,43.64,NA,51.98,52.06,65.67,46.89,57,42.72,39.06,40.96,NA,NA,NA,NA,NA,NA,*,NA,NA,NA,NA,NA,NA,NA,NA,NA,NA,NA,NA,NA,NA,NA,NA,NA,*,NA,NA,NA,NA,NA,NA,NA,NA,*,NA,NA,NA,NA,NA,NA,NA,NA
45. Births in a private health facility delivered by caesarean section (%),33.46,23.53,28.37,38.28,18.43,32.14,NA,21.34,21.92,46.77,30.42,40.61,22.62,26.22,24.21,46.06,36.55,38.26,28.95,44.68,34.42,33.78,50.26,39.21,NA,45.69,45.82,41.05,44.41,43.24,52.81,46.73,49.86,NA,50.55,51.38,63.98,55.05,60.19,55,51.47,53.59,NA,NA,NA,NA,NA,NA,*,NA,NA,NA,NA,NA,NA,NA,NA,NA,NA,NA,NA,NA,NA,NA,NA,NA,*,NA,NA,NA,NA,NA,NA,NA,NA,*,NA,NA,NA,NA,NA,NA,NA,NA
46. Births in a public health facility delivered by caesarean section (%),NA,19.41,21.07,42.81,19.58,35.8,NA,24.12,23.94,27.26,21.59,25.65,22.02,25.64,23.86,NA,29.78,26.57,32.36,NA,32.46,NA,NA,43.29,NA,49.42,48.71,NA,14.06,13.03,46.02,25.7,35.88,NA,53.7,52.85,70.15,37.57,53.25,26.52,30.33,28.64,*,NA,NA,NA,NA,NA,*,NA,NA,NA,NA,NA,NA,NA,NA,*,NA,NA,NA,*,NA,*,*,NA,*,NA,NA,*,NA,NA,NA,NA,NA,*,NA,NA,NA,NA,NA,NA,NA,NA
47. Children age 12-23 months fully immunized (BCG measles and 3 doses each of polio/DPT) (%),NA,NA,91.81,88.89,NA,87.12,NA,71.86,72.77,NA,69.27,70.03,61.13,80.2,70.64,NA,87.84,88.06,NA,NA,88.27,NA,NA,75.85,NA,NA,NA,NA,NA,95.21,NA,NA,NA,NA,77.52,78,NA,NA,87.34,NA,NA,81.91,*,*,NA,NA,*,NA,*,NA,NA,*,NA,NA,NA,NA,NA,*,NA,NA,*,*,NA,*,*,NA,*,*,*,*,*,NA,*,*,*,*,NA,NA,*,*,NA,*,*,NA
48. Children age 12-23 months who have received BCG (%),NA,NA,97.99,100,NA,98.48,NA,100,100,NA,100,100,94.24,95.99,95.11,NA,96.84,97.42,NA,NA,100,NA,NA,100,NA,NA,NA,NA,NA,100,NA,NA,NA,NA,92.36,92.52,NA,NA,100,NA,NA,100,*,*,NA,NA,*,NA,*,NA,NA,*,NA,NA,NA,NA,NA,*,NA,NA,*,*,NA,*,*,NA,*,*,*,*,*,NA,*,*,*,*,NA,NA,*,*,NA,*,*,NA
49. Children age 12-23 months who have received 3 doses of polio vaccine (%),NA,NA,93.82,88.89,NA,88.65,NA,78.53,79.23,NA,76.94,86.2,69.99,84.25,77.1,NA,92.33,93.75,NA,NA,94.72,NA,NA,84.59,NA,NA,NA,NA,NA,100,NA,NA,NA,NA,96.19,96.27,NA,NA,87.34,NA,NA,87.55,*,*,NA,NA,*,NA,*,NA,NA,*,NA,NA,NA,NA,NA,*,NA,NA,*,*,NA,*,*,NA,*,*,*,*,*,NA,*,*,*,*,NA,NA,*,*,NA,*,*,NA
50. Children age 12-23 months who have received 3 doses of DPT vaccine (%),NA,NA,93.48,96.53,NA,94.33,NA,83.05,83.6,NA,84.46,86.86,73.42,88.26,80.82,NA,90.08,89.89,NA,NA,97.39,NA,NA,90.35,NA,NA,NA,NA,NA,100,NA,NA,NA,NA,88.9,89.13,NA,NA,98.49,NA,NA,87.68,*,*,NA,NA,*,NA,*,NA,NA,*,NA,NA,NA,NA,NA,*,NA,NA,*,*,NA,*,*,NA,*,*,*,*,*,NA,*,*,*,*,NA,NA,*,*,NA,*,*,NA
51. Children age 12-23 months who have received measles vaccine (%),NA,NA,93.48,100,NA,96.96,NA,82.97,83.52,NA,80.5,84.65,73.5,84.21,78.84,NA,87.84,90.09,NA,NA,93.55,NA,NA,81.61,NA,NA,NA,NA,NA,95.21,NA,NA,NA,NA,92.47,92.63,NA,NA,93.06,NA,NA,96.21,*,*,NA,NA,*,NA,*,NA,NA,*,NA,NA,NA,NA,NA,*,NA,NA,*,*,NA,*,*,NA,*,*,*,*,*,NA,*,*,*,*,NA,NA,*,*,NA,*,*,NA
52. Children age 12-23 months who have received 3 doses of Hepatitis B vaccine (%),NA,NA,89.95,81.24,NA,80.61,NA,70.33,71.29,NA,80.66,84.87,69.99,84.25,77.1,NA,77.11,79.33,NA,NA,79.11,NA,NA,87.47,NA,NA,NA,NA,NA,100,NA,NA,NA,NA,76.98,77.47,NA,NA,85.02,NA,NA,80.18,*,*,NA,NA,*,NA,*,NA,NA,*,NA,NA,NA,NA,NA,*,NA,NA,*,*,NA,*,*,NA,*,*,*,*,*,NA,*,*,*,*,NA,NA,*,*,NA,*,*,NA
53. Children age 9-59 months who received a vitamin A dose in last 6 months (%),66.38,62.95,64.32,62.28,76.26,66.28,NA,68.24,68.5,54.35,75.99,61.58,67.82,63.56,65.76,82.15,66.94,69.93,69.69,80.66,73.29,76.57,67.41,73.56,NA,91.44,91.71,80.87,77.48,78.36,93.42,78.44,86.36,NA,83.91,83,96.76,86.97,92.09,92.43,85.85,89.28,NA,NA,NA,NA,NA,NA,*,NA,NA,NA,NA,NA,NA,NA,NA,NA,NA,NA,NA,NA,NA,NA,NA,NA,*,NA,NA,NA,NA,NA,NA,NA,NA,*,NA,NA,NA,NA,NA,NA,NA,NA
54. Children age 12-23 months who received most of the vaccinations in public health facility (%),NA,NA,80.72,81.79,NA,82.31,NA,86.97,87.39,NA,95.83,82.91,NA,NA,79.87,NA,91.32,88.62,NA,NA,85.42,NA,NA,50.88,NA,NA,NA,NA,NA,68.22,NA,NA,NA,NA,70.88,71.5,NA,NA,82.76,NA,NA,55.89,*,*,NA,NA,*,NA,*,NA,NA,*,NA,NA,*,*,NA,*,NA,NA,*,*,NA,*,*,NA,*,*,*,*,*,NA,*,*,*,*,NA,NA,*,*,NA,*,*,NA
55. Children age 12-23 months who received most of the vaccinations in private health facility (%),NA,NA,19.28,18.21,NA,17.69,NA,13.03,12.61,NA,4.17,17.09,NA,NA,20.13,NA,8.68,11.38,NA,NA,14.58,NA,NA,49.12,NA,NA,NA,NA,NA,31.78,NA,NA,NA,NA,29.12,28.5,NA,NA,17.24,NA,NA,44.11,*,*,NA,NA,*,NA,*,NA,NA,*,NA,NA,*,*,NA,*,NA,NA,*,*,NA,*,*,NA,*,*,*,*,*,NA,*,*,*,*,NA,NA,*,*,NA,*,*,NA
56. Prevalence of diarrhoea (reported) in the last 2 weeks preceding the survey (%),3.06,9.16,6.71,4.53,1.33,3.56,NA,4.1,4.01,1.96,4.01,2.66,4.48,1.62,3.15,2.25,7.83,6.77,1.23,0,0.83,1.1,7.13,3.11,NA,2.35,2.84,0.01,0.86,0.63,3.63,3.9,3.76,NA,4.26,4.01,0.74,5.54,2.94,3.67,0.91,2.34,NA,NA,NA,NA,NA,NA,*,NA,NA,NA,NA,NA,NA,NA,NA,NA,NA,NA,NA,NA,NA,NA,NA,NA,*,NA,NA,NA,NA,NA,NA,NA,NA,*,NA,NA,NA,NA,NA,NA,NA,NA
57. Children with diarrhoea in the last 2 weeks who received oral rehydration salts (ORS) (%),NA,NA,NA,NA,NA,NA,NA,NA,NA,NA,NA,NA,NA,NA,NA,NA,NA,NA,NA,NA,NA,NA,NA,NA,NA,NA,NA,NA,NA,NA,NA,NA,NA,NA,NA,NA,NA,NA,NA,NA,NA,NA,*,*,*,*,*,*,*,*,*,*,*,*,*,*,*,*,*,*,*,*,*,*,*,*,*,*,*,*,*,*,*,*,*,*,*,*,*,*,*,*,*,*
58. Children with diarrhoea in the last 2 weeks who received zinc (%),NA,NA,NA,NA,NA,NA,NA,NA,NA,NA,NA,NA,NA,NA,NA,NA,NA,NA,NA,NA,NA,NA,NA,NA,NA,NA,NA,NA,NA,NA,NA,NA,NA,NA,NA,NA,NA,NA,NA,NA,NA,NA,*,*,*,*,*,*,*,*,*,*,*,*,*,*,*,*,*,*,*,*,*,*,*,*,*,*,*,*,*,*,*,*,*,*,*,*,*,*,*,*,*,*
59. Children with diarrhoea in the last 2 weeks taken to a health facility (%),NA,NA,NA,NA,NA,NA,NA,NA,NA,NA,NA,NA,NA,NA,NA,NA,NA,NA,NA,NA,NA,NA,NA,NA,NA,NA,NA,NA,NA,NA,NA,NA,NA,NA,NA,NA,NA,NA,NA,NA,NA,NA,*,*,*,*,*,*,*,*,*,*,*,*,*,*,*,*,*,*,*,*,*,*,*,*,*,*,*,*,*,*,*,*,*,*,*,*,*,*,*,*,*,*
60. Prevalence of symptoms of acute respiratory infection (ARI) in the last 2 weeks preceding the survey (%),0,1.92,1.15,0,1.99,0.61,NA,1.63,1.6,0,1.11,0.38,1.7,0,0.9,0.01,0.57,0.46,0,3.3,1.07,0,0,0,NA,2.3,2.23,0.01,0.81,0.6,2.63,0,1.36,NA,1.84,1.73,0,1.15,0.53,1.19,1.09,1.14,NA,NA,NA,NA,NA,NA,*,NA,NA,NA,NA,NA,NA,NA,NA,NA,NA,NA,NA,NA,NA,NA,NA,NA,*,NA,NA,NA,NA,NA,NA,NA,NA,*,NA,NA,NA,NA,NA,NA,NA,NA
61. Children with fever or symptoms of ARI in the last 2 weeks preceding the survey taken to a health facility (%),NA,NA,NA,NA,NA,NA,NA,92.79,92.79,NA,NA,NA,NA,NA,NA,NA,NA,NA,NA,NA,NA,NA,NA,NA,NA,NA,NA,NA,NA,NA,NA,NA,88.39,NA,93.68,94.02,NA,NA,NA,NA,NA,NA,*,*,*,*,*,*,*,NA,NA,*,*,*,*,*,*,*,*,*,*,*,*,*,*,*,*,*,*,*,*,*,*,*,NA,*,NA,NA,*,*,*,*,*,*
62. Children under age 3 years breastfed within one hour of birth8 (%),44.2,70.95,59.84,82.12,58.74,74.91,NA,62.49,62.86,66.31,72.38,68.62,58.15,74.15,66.09,NA,70.39,70.04,74.43,70.28,73.13,66.97,65.26,66.31,NA,57.25,57.72,75.48,80.3,79.03,54.62,65.59,60.19,NA,42.91,44.33,31.85,42.58,37.37,64.09,54.36,59.54,NA,NA,NA,NA,NA,NA,*,NA,NA,NA,NA,NA,NA,NA,NA,*,NA,NA,NA,NA,NA,NA,NA,NA,*,NA,NA,NA,NA,NA,NA,NA,NA,*,NA,NA,NA,NA,NA,NA,NA,NA
63. Children under age 6 months exclusively breastfed9 (%),NA,NA,NA,NA,NA,NA,NA,NA,NA,NA,NA,NA,NA,NA,NA,NA,NA,NA,NA,NA,NA,NA,NA,NA,NA,NA,NA,NA,NA,NA,NA,NA,NA,NA,NA,NA,NA,NA,NA,NA,NA,NA,*,*,*,*,*,*,*,*,*,*,*,*,*,*,*,*,*,*,*,*,*,*,*,*,*,*,*,*,*,*,*,*,*,*,*,*,*,*,*,*,*,*
64. Children age 6-8 months receiving solid or semi-solid food and breastmilk9 (%),NA,NA,NA,NA,NA,NA,NA,NA,NA,NA,NA,NA,NA,NA,NA,NA,NA,NA,NA,NA,NA,NA,NA,NA,NA,NA,NA,NA,NA,NA,NA,NA,NA,NA,NA,NA,NA,NA,NA,NA,NA,NA,*,*,*,*,*,*,*,*,*,*,*,*,*,*,*,*,*,*,*,*,*,*,*,*,*,*,*,*,*,*,*,*,*,*,*,*,*,*,*,*,*,*
65. Breastfeeding children age 6-23 months receiving an adequate diet9 10 (%),18.81,29.27,25.22,17.64,NA,20.38,NA,19.59,22.44,NA,16.91,11.3,38.51,35.69,37.06,NA,17.29,16.11,NA,NA,7.44,NA,NA,25.2,NA,18.81,18.81,NA,33.25,23.28,NA,NA,5.44,NA,27.01,25.45,NA,NA,25.44,NA,NA,18.68,NA,NA,NA,NA,*,NA,*,NA,NA,*,NA,NA,NA,NA,NA,*,NA,NA,*,*,NA,*,*,NA,*,NA,NA,*,NA,NA,*,*,NA,*,NA,NA,*,*,NA,*,*,NA
66. Non-breastfeeding children age 6-23 months receiving an adequate diet9 10 (%),NA,NA,NA,NA,NA,NA,NA,NA,NA,NA,NA,NA,NA,NA,NA,NA,NA,NA,NA,NA,NA,NA,NA,NA,NA,NA,NA,NA,NA,NA,NA,NA,NA,NA,NA,NA,NA,NA,NA,NA,NA,NA,*,*,*,*,*,*,*,*,*,*,*,*,*,*,*,*,*,*,*,*,*,*,*,*,*,*,*,*,*,*,*,*,*,*,*,*,*,*,*,*,*,*
67. Total children age 6-23 months receiving an adequate diet9 10 (%),18.15,34.42,28.27,17.34,NA,20.12,NA,20.84,23.46,NA,16.91,11,37.51,35.69,36.58,NA,18.38,16.85,NA,NA,8.93,NA,12.25,23.92,NA,22,22,NA,31.1,23.76,NA,NA,5.01,NA,23.99,22.76,NA,NA,24.07,NA,13.44,20.32,NA,NA,NA,NA,*,NA,*,NA,NA,*,NA,NA,NA,NA,NA,*,NA,NA,*,*,NA,*,NA,NA,*,NA,NA,*,NA,NA,*,*,NA,*,NA,NA,*,*,NA,*,NA,NA
68. Children under 5 years who are stunted11 (%),18.14,19,18.66,28.86,15.94,25.3,NA,26.18,27.65,19.29,15.61,18.02,24.13,28.67,26.32,26.79,18.64,20.18,20.74,21.03,20.84,11.14,14.94,12.41,NA,15.54,15.05,27.84,19.83,21.99,12.75,16.36,14.49,NA,14.03,13.25,7.33,22.16,14.42,24.31,14.53,19.47,NA,NA,NA,NA,NA,NA,*,NA,NA,NA,NA,NA,NA,NA,NA,NA,NA,NA,NA,NA,NA,NA,NA,NA,*,NA,NA,NA,NA,NA,NA,NA,NA,*,NA,NA,NA,NA,NA,NA,NA,NA
69. Children under 5 years who are wasted11 (%),9.05,10.11,9.69,7.53,17.05,10.15,NA,23.83,23.9,10.1,19.92,13.47,23.76,20.73,22.29,19.48,8.21,10.33,15.21,15.39,15.27,18.73,10.1,15.86,NA,23.05,24.22,19.97,14.84,16.22,13.71,19.7,16.6,NA,12.63,14.43,20.58,16.79,18.77,11.46,14.8,13.12,NA,NA,NA,NA,NA,NA,*,NA,NA,NA,NA,NA,NA,NA,NA,NA,NA,NA,NA,NA,NA,NA,NA,NA,*,NA,NA,NA,NA,NA,NA,NA,NA,*,NA,NA,NA,NA,NA,NA,NA,NA
70. Children under 5 years who are severely wasted12 (%),2.2,3.84,3.2,2.13,7.16,3.52,NA,10.6,10.67,3.37,9.18,5.37,11.19,8.57,9.92,6.24,3.57,4.07,9.83,8.54,9.39,9.95,3.76,7.9,NA,12.81,14.31,10.27,4.72,6.21,3,3.93,3.45,NA,4.05,4.69,10.55,4.01,7.43,2.59,5.26,3.91,NA,NA,NA,NA,NA,NA,*,NA,NA,NA,NA,NA,NA,NA,NA,NA,NA,NA,NA,NA,NA,NA,NA,NA,*,NA,NA,NA,NA,NA,NA,NA,NA,*,NA,NA,NA,NA,NA,NA,NA,NA
71. Children under 5 years who are underweight11 (%),19.92,9.93,13.85,8.45,15.92,10.51,NA,26.85,27.23,18.27,18.88,18.48,17.76,16.86,17.33,23.96,18.02,19.14,12.53,16.88,14.02,12.76,10.56,12.03,NA,15.3,14.81,14.25,10.18,11.27,14.03,20.55,17.17,NA,10.18,11.36,12.4,16.25,14.24,19.8,23.33,21.55,NA,NA,NA,NA,NA,NA,*,NA,NA,NA,NA,NA,NA,NA,NA,NA,NA,NA,NA,NA,NA,NA,NA,NA,*,NA,NA,NA,NA,NA,NA,NA,NA,*,NA,NA,NA,NA,NA,NA,NA,NA
72. Women whose Body Mass Index (BMI) is below normal (BMI <18.5 kg/m2) (%),14.27,12.22,13.03,9.95,9.26,9.71,2.7,12.54,12.2,9.83,16.47,12.32,8.1,9.39,8.77,11.42,14.08,13.48,8.14,8.17,8.15,6.89,8.14,7.29,6.83,10.38,10.2,5.18,5.34,5.3,12.43,12.45,12.44,13.56,10.15,10.49,7.03,6.5,6.74,10.04,7.74,8.95,NA,NA,NA,NA,NA,NA,NA,NA,NA,NA,NA,NA,NA,NA,NA,NA,NA,NA,NA,NA,NA,NA,NA,NA,NA,NA,NA,NA,NA,NA,NA,NA,NA,NA,NA,NA,NA,NA,NA,NA,NA,NA
73. Men whose Body Mass Index (BMI) is below normal (BMI <18.5 kg/m2) (%),10.28,7.26,8.58,8.24,3.07,6.04,NA,6.28,5.64,18.15,7.58,14.35,6.56,6.5,6.53,4.86,13.07,9.89,8.95,7.37,8.38,5.69,11,7.43,NA,10.42,9.91,6.38,4.53,5.07,10.76,12.91,11.95,NA,8,7.61,9.42,11.33,10.58,5.97,6.57,6.21,NA,NA,NA,NA,NA,NA,*,NA,NA,NA,NA,NA,NA,NA,NA,NA,NA,NA,NA,NA,NA,NA,NA,NA,*,NA,NA,NA,NA,NA,NA,NA,NA,*,NA,NA,NA,NA,NA,NA,NA,NA
74. Women who are overweight or obese (BMI >=25.0 kg/m2) (%),33.32,23.73,27.52,28.37,33.43,30.11,41.08,23.74,24.35,29.52,23.07,27.1,34.38,33.84,34.1,37.61,30.43,32.06,30.01,24.54,28.08,34.07,35.26,34.45,53.58,27.58,28.88,37.19,29.55,31.46,38.43,36.76,37.67,44.92,39.06,39.65,42.6,34.42,38.22,29.97,37.58,33.58,NA,NA,NA,NA,NA,NA,NA,NA,NA,NA,NA,NA,NA,NA,NA,NA,NA,NA,NA,NA,NA,NA,NA,NA,NA,NA,NA,NA,NA,NA,NA,NA,NA,NA,NA,NA,NA,NA,NA,NA,NA,NA
75. Men who are overweight or obese (BMI >=25.0 kg/m2) (%),32.1,18.44,24.38,26.84,34.39,30.05,NA,32.88,34.6,20.36,9.27,16.37,33.76,33.16,33.44,33.19,23.1,27,25.31,28.37,26.42,37.72,41.27,38.88,NA,25.14,26.19,55.4,24.67,33.64,16.28,26.8,22.09,NA,36.37,35.87,46.94,20.15,30.63,26.66,22.97,25.17,NA,NA,NA,NA,NA,NA,*,NA,NA,NA,NA,NA,NA,NA,NA,NA,NA,NA,NA,NA,NA,NA,NA,NA,*,NA,NA,NA,NA,NA,NA,NA,NA,*,NA,NA,NA,NA,NA,NA,NA,NA
76. Children age 6-59 months who are anaemic (<11.0 g/dl) (%),30.68,42.52,37.74,43.7,45.36,44.12,NA,44.8,45.56,39.28,40.6,39.72,53.27,55.98,54.56,48.25,39.22,41.05,39.18,39.86,39.42,18.79,32.59,23.36,NA,30.38,29.44,48.73,28.75,33.75,20.71,29.15,24.92,NA,17.05,18.39,15.97,20.59,18.06,23.84,16.69,20.53,NA,NA,NA,NA,NA,NA,*,NA,NA,NA,NA,NA,NA,NA,NA,NA,NA,NA,NA,NA,NA,NA,NA,NA,*,NA,NA,NA,NA,NA,NA,NA,NA,*,NA,NA,NA,NA,NA,NA,NA,NA
77. Non-pregnant women age 15-49 years who are anaemic (<12.0 g/dl) (%),34.01,35.66,35.02,37.53,39.1,38.1,32.66,32.85,32.85,45.69,39.61,43.44,38.41,40.5,39.5,45.72,41.77,42.66,44.28,39.05,42.44,40.88,31.81,37.99,30.37,26.09,26.31,31.22,29.39,29.84,25.59,27.86,26.63,26,21.98,22.37,29.37,22.59,25.74,23.41,21.48,22.5,NA,NA,NA,NA,NA,NA,NA,NA,NA,NA,NA,NA,NA,NA,NA,NA,NA,NA,NA,NA,NA,NA,NA,NA,NA,NA,NA,NA,NA,NA,NA,NA,NA,NA,NA,NA,NA,NA,NA,NA,NA,NA
78. Pregnant women age 15-49 years who are anaemic (<11.0 g/dl) (%),NA,NA,35.62,NA,NA,20.33,NA,12.18,12.18,NA,NA,31.99,NA,NA,15.69,NA,NA,NA,NA,NA,NA,NA,NA,26.37,NA,10.88,10.56,NA,7.33,6.17,NA,NA,35.28,NA,NA,NA,NA,NA,NA,NA,NA,NA,*,*,NA,*,*,NA,*,NA,NA,*,*,NA,*,*,NA,*,*,*,*,*,*,*,*,NA,*,NA,NA,*,NA,NA,*,*,NA,*,*,*,*,*,*,*,*,*
79. All women age 15-49 years who are anaemic (%),33.62,35.97,35.04,36.68,38.46,37.33,32.66,32.23,32.25,45.25,38.86,42.88,37.77,39.36,38.6,44.49,41.47,42.16,43.87,38.8,42.09,40.2,31.88,37.57,29.66,25.5,25.7,30.29,28.28,28.77,25.05,29.09,26.95,25.23,22.11,22.42,29.41,22.13,25.51,23.26,21.59,22.47,NA,NA,NA,NA,NA,NA,NA,NA,NA,NA,NA,NA,NA,NA,NA,NA,NA,NA,NA,NA,NA,NA,NA,NA,NA,NA,NA,NA,NA,NA,NA,NA,NA,NA,NA,NA,NA,NA,NA,NA,NA,NA
80. Men age 15-49 years who are anaemic (<13.0 g/dl) (%),6.11,9.25,7.91,9.57,4.85,7.42,NA,12.12,12.09,27.58,4.64,19.47,12.68,11.43,12.01,15.13,17.17,16.41,13.35,8.67,11.63,7.03,6.49,6.85,NA,12.79,12.02,10.68,5.23,6.77,15.88,14.81,15.29,NA,7.74,6.71,14.48,13.88,14.11,3.44,4.14,3.72,NA,NA,NA,NA,NA,NA,*,NA,NA,NA,NA,NA,NA,NA,NA,NA,NA,NA,NA,NA,NA,NA,NA,NA,*,NA,NA,NA,NA,NA,NA,NA,NA,*,NA,NA,NA,NA,NA,NA,NA,NA
81. Blood sugar level - high (>140 mg/dl) (%),5.77,9.03,7.74,4.72,12.22,7.47,25.65,11.45,11.91,10.18,9.54,9.94,8.42,11.9,10.24,8.82,7.32,7.66,6.23,2.84,5.04,8.02,10.1,8.68,11.33,9.38,9.48,16.98,10.07,11.75,11.66,8.3,10.08,9.94,11.23,11.1,9.97,8.87,9.38,6.83,5.53,6.21,NA,NA,NA,NA,NA,NA,NA,NA,NA,NA,NA,NA,NA,NA,NA,NA,NA,NA,NA,NA,NA,NA,NA,NA,NA,NA,NA,NA,NA,NA,NA,NA,NA,NA,NA,NA,NA,NA,NA,NA,NA,NA
82. Blood sugar level - very high (>160 mg/dl) (%),3.2,5.47,4.57,1.89,5.9,3.36,19.82,6.99,7.4,5.36,4.53,5.05,4.18,6.32,5.3,5.15,3.01,3.49,3.44,2.26,3.03,5.06,4.2,4.79,9.16,3.15,3.44,12.39,6.94,8.26,7.65,3.74,5.81,5.86,7.48,7.32,6.06,5.47,5.74,3.85,3.23,3.56,NA,NA,NA,NA,NA,NA,NA,NA,NA,NA,NA,NA,NA,NA,NA,NA,NA,NA,NA,NA,NA,NA,NA,NA,NA,NA,NA,NA,NA,NA,NA,NA,NA,NA,NA,NA,NA,NA,NA,NA,NA,NA
83. Blood sugar level - high (>140 mg/dl) (%),10.23,9.38,9.75,6.99,24.62,15.01,NA,20.38,20.45,20.7,17.43,19.55,14.61,13.65,14.09,9.82,12.57,11.54,9.66,1.91,6.81,18.92,12.98,16.97,NA,14.96,14.56,24.97,12.11,15.76,14.89,13.63,14.2,NA,7.81,7.87,7.14,12.53,10.41,13.78,5.45,10.45,NA,NA,NA,NA,NA,NA,*,NA,NA,NA,NA,NA,NA,NA,NA,NA,NA,NA,NA,NA,NA,NA,NA,NA,*,NA,NA,NA,NA,NA,NA,NA,NA,*,NA,NA,NA,NA,NA,NA,NA,NA
84. Blood sugar level - very high (>160 mg/dl) (%),5.88,5.04,5.4,4.66,14.83,9.29,NA,12.94,13.39,4.58,11.01,6.85,6.83,11.39,9.3,4.47,6.73,5.89,1.71,1.91,1.78,6.98,8.75,7.56,NA,4.4,5.14,8.3,7.06,7.41,6.73,7.04,6.9,NA,4.99,4.33,5.41,6.69,6.19,0.94,3.87,2.11,NA,NA,NA,NA,NA,NA,*,NA,NA,NA,NA,NA,NA,NA,NA,NA,NA,NA,NA,NA,NA,NA,NA,NA,*,NA,NA,NA,NA,NA,NA,NA,NA,*,NA,NA,NA,NA,NA,NA,NA,NA
85. Slightly above normal (Systolic 140-159 mm of Hg and/or Diastolic 90-99 mm of Hg) (%),2.83,7.85,5.85,5.65,4.81,5.36,7.13,8.62,8.57,4.37,4.1,4.27,3.32,7.73,5.63,4.15,4.68,4.55,6.02,7.4,6.51,6.87,6.46,6.74,7,3.49,3.65,5.52,6.46,6.23,4.67,5.45,5.03,4.63,5.91,5.78,5.14,9.16,7.3,3.24,4.01,3.61,NA,NA,NA,NA,NA,NA,NA,NA,NA,NA,NA,NA,NA,NA,NA,NA,NA,NA,NA,NA,NA,NA,NA,NA,NA,NA,NA,NA,NA,NA,NA,NA,NA,NA,NA,NA,NA,NA,NA,NA,NA,NA
86. Moderately high (Systolic 160-179 mm of Hg and/or Diastolic 100-109 mm of Hg) (%),0,1.07,0.64,1.12,1.24,1.16,2.38,0.89,0.94,0.23,0.42,0.3,0.53,0.6,0.57,0.8,1.31,1.19,0.79,0,0.52,0.68,1.37,0.9,4.77,1.23,1.4,0,1.16,0.87,0.82,1.08,0.94,0,1.25,1.13,0.49,2.33,1.48,0.23,0.5,0.36,NA,NA,NA,NA,NA,NA,NA,NA,NA,NA,NA,NA,NA,NA,NA,NA,NA,NA,NA,NA,NA,NA,NA,NA,NA,NA,NA,NA,NA,NA,NA,NA,NA,NA,NA,NA,NA,NA,NA,NA,NA,NA
87. Very high (Systolic ?180 mm of Hg and/or Diastolic ?110 mm of Hg) (%),1.07,0.96,1,0.68,0,0.44,0.01,0,0,0.46,0,0.29,0.38,0.63,0.51,1.16,0,0.27,0.69,0.79,0.73,0.59,0.51,0.56,0.01,0.15,0.14,0,0,0,0.51,0.31,0.42,0,1.43,1.29,0.19,0.82,0.52,0.92,1.26,1.08,NA,NA,NA,NA,NA,NA,NA,NA,NA,NA,NA,NA,NA,NA,NA,NA,NA,NA,NA,NA,NA,NA,NA,NA,NA,NA,NA,NA,NA,NA,NA,NA,NA,NA,NA,NA,NA,NA,NA,NA,NA,NA
88. Slightly above normal (Systolic 140-159 mm of Hg and/or Diastolic 90-99 mm of Hg) (%),2.9,5.83,4.55,10.44,12.18,11.18,NA,15.96,14.75,6.04,6.25,6.12,5.54,7.73,6.73,2.3,14.12,9.56,3.65,8.32,5.34,5.05,8.62,6.22,NA,4.27,4.46,0.01,4.85,3.44,7.53,8.58,8.11,NA,9.61,11.57,16.31,4.44,9.09,1.26,16.15,7.3,NA,NA,NA,NA,NA,NA,*,NA,NA,NA,NA,NA,NA,NA,NA,NA,NA,NA,NA,NA,NA,NA,NA,NA,*,NA,NA,NA,NA,NA,NA,NA,NA,*,NA,NA,NA,NA,NA,NA,NA,NA
89. Moderately high (Systolic 160-179 mm of Hg and/or Diastolic 100-109 mm of Hg) (%),0,1.88,1.06,4.25,3.37,3.88,NA,0.66,0.59,0,1.48,0.54,1.15,1.22,1.19,0,0.74,0.46,5.11,0,3.26,2.33,4.22,2.95,NA,0.94,0.84,6.38,0,1.86,0,1.41,0.78,NA,3.78,3.28,0,0,0,0,1.11,0.45,NA,NA,NA,NA,NA,NA,*,NA,NA,NA,NA,NA,NA,NA,NA,NA,NA,NA,NA,NA,NA,NA,NA,NA,*,NA,NA,NA,NA,NA,NA,NA,NA,*,NA,NA,NA,NA,NA,NA,NA,NA
90. Very high (Systolic ?180 mm of Hg and/or Diastolic ?110 mm of Hg) (%),1.39,1.38,1.38,2.24,0,1.29,NA,0.89,1.6,0,0,0,0,1.22,0.66,1.55,1.79,1.69,0,1.91,0.69,0,0.01,0,NA,1.85,1.66,0.01,0,0,0,0,0,NA,2.62,2.27,1.26,0,0.49,0,0,0,NA,NA,NA,NA,NA,NA,*,NA,NA,NA,NA,NA,NA,NA,NA,NA,NA,NA,NA,NA,NA,NA,NA,NA,*,NA,NA,NA,NA,NA,NA,NA,NA,*,NA,NA,NA,NA,NA,NA,NA,NA
91. Cervix (%),55.71,62.08,59.53,67.91,69.36,68.42,55.66,55.99,55.98,54.48,56.7,55.32,63.62,68.04,65.92,62.21,58.1,59.05,62.04,57.65,60.5,56.79,61.79,58.38,75,58.82,59.61,66.83,57.79,60,57.03,57.29,57.15,58.64,60.54,60.35,64.82,64.7,64.75,68.05,60.42,64.41,NA,NA,NA,NA,NA,NA,NA,NA,NA,NA,NA,NA,NA,NA,NA,NA,NA,NA,NA,NA,NA,NA,NA,NA,NA,NA,NA,NA,NA,NA,NA,NA,NA,NA,NA,NA,NA,NA,NA,NA,NA,NA
92. Breast (%),29.09,31.37,30.45,45.96,35.05,42.15,25.33,20.86,21.01,22.61,37.52,28.23,29.99,22.6,26.14,40.19,28.07,30.88,37.28,39.04,37.9,31.55,33.66,32.22,35.86,33.1,33.23,32.15,37.46,36.16,33.27,40.84,36.84,44.4,39.95,40.4,25.84,35,30.76,45.69,37.26,41.67,NA,NA,NA,NA,NA,NA,NA,NA,NA,NA,NA,NA,NA,NA,NA,NA,NA,NA,NA,NA,NA,NA,NA,NA,NA,NA,NA,NA,NA,NA,NA,NA,NA,NA,NA,NA,NA,NA,NA,NA,NA,NA
93. Oral cavity (%),45.71,51.85,49.39,40.64,55.78,45.93,44.34,45.52,45.48,46.25,42.42,44.81,49.73,56.27,53.14,51.83,45.53,46.99,55.15,43.97,51.25,61.92,46.18,56.91,52.33,49.92,50.04,50.82,55.96,54.71,51.23,47.45,49.45,51.53,55.84,55.4,45.31,53.26,49.58,59.17,48.54,54.1,NA,NA,NA,NA,NA,NA,NA,NA,NA,NA,NA,NA,NA,NA,NA,NA,NA,NA,NA,NA,NA,NA,NA,NA,NA,NA,NA,NA,NA,NA,NA,NA,NA,NA,NA,NA,NA,NA,NA,NA,NA,NA
